USE tutorialdb;


-- Contests
DROP TABLE Contests;

CREATE TABLE Contests (
	contest_id INT,
	hacker_id INT,
	name VARCHAR(255)
);

INSERT INTO Contests (contest_id, hacker_id, name)
VALUES ('845', '579', 'Rose');
INSERT INTO Contests (contest_id, hacker_id, name)
VALUES ('858', '1053', 'Angela');
INSERT INTO Contests (contest_id, hacker_id, name)
VALUES ('883', '1055', 'Frank');
INSERT INTO Contests (contest_id, hacker_id, name)
VALUES ('1793', '2655', 'Patrick');
INSERT INTO Contests (contest_id, hacker_id, name)
VALUES ('2374', '2765', 'Lisa');
INSERT INTO Contests (contest_id, hacker_id, name)
VALUES ('2963', '2845', 'Kimberly');
INSERT INTO Contests (contest_id, hacker_id, name)
VALUES ('3584', '2873', 'Bonnie');
INSERT INTO Contests (contest_id, hacker_id, name)
VALUES ('4044', '3067', 'Michael');
INSERT INTO Contests (contest_id, hacker_id, name)
VALUES ('4249', '3116', 'Todd');
INSERT INTO Contests (contest_id, hacker_id, name)
VALUES ('4269', '3256', 'Joe');
INSERT INTO Contests (contest_id, hacker_id, name)
VALUES ('4483', '3386', 'Earl');
INSERT INTO Contests (contest_id, hacker_id, name)
VALUES ('4541', '3608', 'Robert');
INSERT INTO Contests (contest_id, hacker_id, name)
VALUES ('4601', '3868', 'Amy');
INSERT INTO Contests (contest_id, hacker_id, name)
VALUES ('4710', '4255', 'Pamela');
INSERT INTO Contests (contest_id, hacker_id, name)
VALUES ('4982', '5639', 'Maria');
INSERT INTO Contests (contest_id, hacker_id, name)
VALUES ('5913', '5669', 'Joe');
INSERT INTO Contests (contest_id, hacker_id, name)
VALUES ('5994', '5713', 'Linda');
INSERT INTO Contests (contest_id, hacker_id, name)
VALUES ('6939', '6550', 'Melissa');
INSERT INTO Contests (contest_id, hacker_id, name)
VALUES ('7266', '6947', 'Carol');
INSERT INTO Contests (contest_id, hacker_id, name)
VALUES ('7280', '7030', 'Paula');
INSERT INTO Contests (contest_id, hacker_id, name)
VALUES ('7484', '7033', 'Marilyn');
INSERT INTO Contests (contest_id, hacker_id, name)
VALUES ('7734', '7386', 'Jennifer');
INSERT INTO Contests (contest_id, hacker_id, name)
VALUES ('7831', '7787', 'Harry');
INSERT INTO Contests (contest_id, hacker_id, name)
VALUES ('7862', '8029', 'David');
INSERT INTO Contests (contest_id, hacker_id, name)
VALUES ('8812', '8147', 'Julia');
INSERT INTO Contests (contest_id, hacker_id, name)
VALUES ('8825', '8438', 'Kevin');
INSERT INTO Contests (contest_id, hacker_id, name)
VALUES ('9136', '8727', 'Paul');
INSERT INTO Contests (contest_id, hacker_id, name)
VALUES ('9613', '8762', 'James');
INSERT INTO Contests (contest_id, hacker_id, name)
VALUES ('10568', '8802', 'Kelly');
INSERT INTO Contests (contest_id, hacker_id, name)
VALUES ('11100', '8809', 'Robin');
INSERT INTO Contests (contest_id, hacker_id, name)
VALUES ('12742', '9203', 'Ralph');
INSERT INTO Contests (contest_id, hacker_id, name)
VALUES ('12861', '9644', 'Gloria');
INSERT INTO Contests (contest_id, hacker_id, name)
VALUES ('12865', '10108', 'Victor');
INSERT INTO Contests (contest_id, hacker_id, name)
VALUES ('13503', '10803', 'David');
INSERT INTO Contests (contest_id, hacker_id, name)
VALUES ('13537', '11390', 'Joyce');
INSERT INTO Contests (contest_id, hacker_id, name)
VALUES ('13612', '12592', 'Donna');
INSERT INTO Contests (contest_id, hacker_id, name)
VALUES ('14502', '12923', 'Michelle');
INSERT INTO Contests (contest_id, hacker_id, name)
VALUES ('14867', '13017', 'Stephanie');
INSERT INTO Contests (contest_id, hacker_id, name)
VALUES ('15164', '13256', 'Gerald');
INSERT INTO Contests (contest_id, hacker_id, name)
VALUES ('15804', '13421', 'Walter');
INSERT INTO Contests (contest_id, hacker_id, name)
VALUES ('15891', '13569', 'Christina');
INSERT INTO Contests (contest_id, hacker_id, name)
VALUES ('16063', '14287', 'Brandon');
INSERT INTO Contests (contest_id, hacker_id, name)
VALUES ('16415', '14311', 'Elizabeth');
INSERT INTO Contests (contest_id, hacker_id, name)
VALUES ('18477', '14440', 'Joseph');
INSERT INTO Contests (contest_id, hacker_id, name)
VALUES ('18855', '16973', 'Lawrence');
INSERT INTO Contests (contest_id, hacker_id, name)
VALUES ('19097', '17123', 'Marilyn');
INSERT INTO Contests (contest_id, hacker_id, name)
VALUES ('19575', '17562', 'Lori');
INSERT INTO Contests (contest_id, hacker_id, name)
VALUES ('20068', '17766', 'Matthew');
INSERT INTO Contests (contest_id, hacker_id, name)
VALUES ('20096', '18153', 'Jesse');
INSERT INTO Contests (contest_id, hacker_id, name)
VALUES ('20723', '19361', 'John');
INSERT INTO Contests (contest_id, hacker_id, name)
VALUES ('21230', '19707', 'Martha');
INSERT INTO Contests (contest_id, hacker_id, name)
VALUES ('21490', '20314', 'Timothy');
INSERT INTO Contests (contest_id, hacker_id, name)
VALUES ('22671', '20315', 'Christine');
INSERT INTO Contests (contest_id, hacker_id, name)
VALUES ('22758', '20895', 'Anthony');
INSERT INTO Contests (contest_id, hacker_id, name)
VALUES ('23225', '20975', 'Paula');
INSERT INTO Contests (contest_id, hacker_id, name)
VALUES ('23240', '22494', 'Kimberly');
INSERT INTO Contests (contest_id, hacker_id, name)
VALUES ('23320', '22683', 'Louise');
INSERT INTO Contests (contest_id, hacker_id, name)
VALUES ('23651', '22903', 'Martin');
INSERT INTO Contests (contest_id, hacker_id, name)
VALUES ('23734', '23050', 'Paul');
INSERT INTO Contests (contest_id, hacker_id, name)
VALUES ('23851', '23819', 'Antonio');
INSERT INTO Contests (contest_id, hacker_id, name)
VALUES ('24602', '24120', 'Jacqueline');
INSERT INTO Contests (contest_id, hacker_id, name)
VALUES ('24784', '24152', 'Diana');
INSERT INTO Contests (contest_id, hacker_id, name)
VALUES ('24928', '24339', 'John');
INSERT INTO Contests (contest_id, hacker_id, name)
VALUES ('26157', '24489', 'Dorothy');
INSERT INTO Contests (contest_id, hacker_id, name)
VALUES ('26368', '25886', 'Evelyn');
INSERT INTO Contests (contest_id, hacker_id, name)
VALUES ('26676', '26104', 'Phillip');
INSERT INTO Contests (contest_id, hacker_id, name)
VALUES ('26765', '26487', 'Evelyn');
INSERT INTO Contests (contest_id, hacker_id, name)
VALUES ('27154', '26570', 'Debra');
INSERT INTO Contests (contest_id, hacker_id, name)
VALUES ('27531', '26666', 'David');
INSERT INTO Contests (contest_id, hacker_id, name)
VALUES ('28466', '26872', 'Willie');
INSERT INTO Contests (contest_id, hacker_id, name)
VALUES ('29050', '27009', 'Brandon');
INSERT INTO Contests (contest_id, hacker_id, name)
VALUES ('29437', '27768', 'Ann');
INSERT INTO Contests (contest_id, hacker_id, name)
VALUES ('29729', '27784', 'Emily');
INSERT INTO Contests (contest_id, hacker_id, name)
VALUES ('29885', '27912', 'Dorothy');
INSERT INTO Contests (contest_id, hacker_id, name)
VALUES ('30359', '28279', 'Jonathan');
INSERT INTO Contests (contest_id, hacker_id, name)
VALUES ('30379', '28336', 'Dorothy');
INSERT INTO Contests (contest_id, hacker_id, name)
VALUES ('30539', '28432', 'Marilyn');
INSERT INTO Contests (contest_id, hacker_id, name)
VALUES ('30613', '29426', 'Norma');
INSERT INTO Contests (contest_id, hacker_id, name)
VALUES ('30650', '29577', 'Nancy');
INSERT INTO Contests (contest_id, hacker_id, name)
VALUES ('31098', '30142', 'Andrew');
INSERT INTO Contests (contest_id, hacker_id, name)
VALUES ('31212', '30592', 'Keith');
INSERT INTO Contests (contest_id, hacker_id, name)
VALUES ('31410', '30668', 'Benjamin');
INSERT INTO Contests (contest_id, hacker_id, name)
VALUES ('31901', '31143', 'Charles');
INSERT INTO Contests (contest_id, hacker_id, name)
VALUES ('31942', '31238', 'Alan');
INSERT INTO Contests (contest_id, hacker_id, name)
VALUES ('32100', '31316', 'Tammy');
INSERT INTO Contests (contest_id, hacker_id, name)
VALUES ('32577', '31335', 'Anna');
INSERT INTO Contests (contest_id, hacker_id, name)
VALUES ('32936', '31712', 'James');
INSERT INTO Contests (contest_id, hacker_id, name)
VALUES ('33396', '31770', 'Robin');
INSERT INTO Contests (contest_id, hacker_id, name)
VALUES ('33469', '32169', 'Jean');
INSERT INTO Contests (contest_id, hacker_id, name)
VALUES ('33493', '32182', 'Andrew');
INSERT INTO Contests (contest_id, hacker_id, name)
VALUES ('33919', '32359', 'Roy');
INSERT INTO Contests (contest_id, hacker_id, name)
VALUES ('34128', '33315', 'Diana');
INSERT INTO Contests (contest_id, hacker_id, name)
VALUES ('34193', '33708', 'Christina');
INSERT INTO Contests (contest_id, hacker_id, name)
VALUES ('34774', '33746', 'Jesse');
INSERT INTO Contests (contest_id, hacker_id, name)
VALUES ('34968', '34504', 'Joyce');
INSERT INTO Contests (contest_id, hacker_id, name)
VALUES ('35728', '35576', 'Patricia');
INSERT INTO Contests (contest_id, hacker_id, name)
VALUES ('35907', '35732', 'Gregory');
INSERT INTO Contests (contest_id, hacker_id, name)
VALUES ('36473', '36364', 'Brian');
INSERT INTO Contests (contest_id, hacker_id, name)
VALUES ('36570', '37180', 'Christine');
INSERT INTO Contests (contest_id, hacker_id, name)
VALUES ('36627', '37250', 'Lillian');
INSERT INTO Contests (contest_id, hacker_id, name)
VALUES ('37370', '37490', 'Aaron');
INSERT INTO Contests (contest_id, hacker_id, name)
VALUES ('37620', '38395', 'Dorothy');
INSERT INTO Contests (contest_id, hacker_id, name)
VALUES ('38059', '38854', 'Christopher');
INSERT INTO Contests (contest_id, hacker_id, name)
VALUES ('38874', '39211', 'Bobby');
INSERT INTO Contests (contest_id, hacker_id, name)
VALUES ('39726', '41388', 'Bobby');
INSERT INTO Contests (contest_id, hacker_id, name)
VALUES ('40425', '42341', 'Gerald');
INSERT INTO Contests (contest_id, hacker_id, name)
VALUES ('40769', '42353', 'Carol');
INSERT INTO Contests (contest_id, hacker_id, name)
VALUES ('41324', '42427', 'Jeremy');
INSERT INTO Contests (contest_id, hacker_id, name)
VALUES ('41337', '43048', 'Clarence');
INSERT INTO Contests (contest_id, hacker_id, name)
VALUES ('42103', '44477', 'Wayne');
INSERT INTO Contests (contest_id, hacker_id, name)
VALUES ('42318', '44529', 'Carolyn');
INSERT INTO Contests (contest_id, hacker_id, name)
VALUES ('42538', '44894', 'Margaret');
INSERT INTO Contests (contest_id, hacker_id, name)
VALUES ('43835', '44984', 'Andrew');
INSERT INTO Contests (contest_id, hacker_id, name)
VALUES ('44388', '46118', 'Albert');
INSERT INTO Contests (contest_id, hacker_id, name)
VALUES ('44603', '46348', 'Judy');
INSERT INTO Contests (contest_id, hacker_id, name)
VALUES ('45209', '46524', 'Arthur');
INSERT INTO Contests (contest_id, hacker_id, name)
VALUES ('45745', '46709', 'Cynthia');
INSERT INTO Contests (contest_id, hacker_id, name)
VALUES ('46556', '46987', 'Jerry');
INSERT INTO Contests (contest_id, hacker_id, name)
VALUES ('46835', '47228', 'Thomas');
INSERT INTO Contests (contest_id, hacker_id, name)
VALUES ('47010', '47234', 'Elizabeth');
INSERT INTO Contests (contest_id, hacker_id, name)
VALUES ('47250', '47587', 'Justin');
INSERT INTO Contests (contest_id, hacker_id, name)
VALUES ('48110', '47743', 'Albert');
INSERT INTO Contests (contest_id, hacker_id, name)
VALUES ('48283', '47908', 'James');
INSERT INTO Contests (contest_id, hacker_id, name)
VALUES ('48343', '48021', 'Stephen');
INSERT INTO Contests (contest_id, hacker_id, name)
VALUES ('48469', '48514', 'Alan');
INSERT INTO Contests (contest_id, hacker_id, name)
VALUES ('48602', '48946', 'Joshua');
INSERT INTO Contests (contest_id, hacker_id, name)
VALUES ('48787', '49996', 'Norma');
INSERT INTO Contests (contest_id, hacker_id, name)
VALUES ('50135', '50418', 'Mildred');
INSERT INTO Contests (contest_id, hacker_id, name)
VALUES ('50325', '50683', 'Melissa');
INSERT INTO Contests (contest_id, hacker_id, name)
VALUES ('51060', '50728', 'Paul');
INSERT INTO Contests (contest_id, hacker_id, name)
VALUES ('51109', '50794', 'Gerald');
INSERT INTO Contests (contest_id, hacker_id, name)
VALUES ('51122', '51228', 'Ronald');
INSERT INTO Contests (contest_id, hacker_id, name)
VALUES ('51240', '51367', 'Sandra');
INSERT INTO Contests (contest_id, hacker_id, name)
VALUES ('51303', '51587', 'Helen');
INSERT INTO Contests (contest_id, hacker_id, name)
VALUES ('51691', '51849', 'Larry');
INSERT INTO Contests (contest_id, hacker_id, name)
VALUES ('52364', '52164', 'Alan');
INSERT INTO Contests (contest_id, hacker_id, name)
VALUES ('52816', '52232', 'Paul');
INSERT INTO Contests (contest_id, hacker_id, name)
VALUES ('52834', '52775', 'Chris');
INSERT INTO Contests (contest_id, hacker_id, name)
VALUES ('53656', '53693', 'Steven');
INSERT INTO Contests (contest_id, hacker_id, name)
VALUES ('53712', '53772', 'Jennifer');
INSERT INTO Contests (contest_id, hacker_id, name)
VALUES ('53723', '55064', 'Bonnie');
INSERT INTO Contests (contest_id, hacker_id, name)
VALUES ('55044', '55578', 'Shirley');
INSERT INTO Contests (contest_id, hacker_id, name)
VALUES ('55780', '55844', 'Jeffrey');
INSERT INTO Contests (contest_id, hacker_id, name)
VALUES ('56222', '55926', 'Janet');
INSERT INTO Contests (contest_id, hacker_id, name)
VALUES ('56484', '56163', 'Albert');
INSERT INTO Contests (contest_id, hacker_id, name)
VALUES ('56585', '56650', 'Charles');
INSERT INTO Contests (contest_id, hacker_id, name)
VALUES ('57803', '57530', 'Kelly');
INSERT INTO Contests (contest_id, hacker_id, name)
VALUES ('58140', '57745', 'Bobby');
INSERT INTO Contests (contest_id, hacker_id, name)
VALUES ('58799', '58535', 'Elizabeth');
INSERT INTO Contests (contest_id, hacker_id, name)
VALUES ('59168', '58672', 'Keith');
INSERT INTO Contests (contest_id, hacker_id, name)
VALUES ('59866', '58879', 'Jose');
INSERT INTO Contests (contest_id, hacker_id, name)
VALUES ('59895', '59169', 'Ann');
INSERT INTO Contests (contest_id, hacker_id, name)
VALUES ('60053', '60309', 'Helen');
INSERT INTO Contests (contest_id, hacker_id, name)
VALUES ('60734', '60335', 'Jason');
INSERT INTO Contests (contest_id, hacker_id, name)
VALUES ('60746', '60962', 'Gerald');
INSERT INTO Contests (contest_id, hacker_id, name)
VALUES ('60822', '62443', 'Carlos');
INSERT INTO Contests (contest_id, hacker_id, name)
VALUES ('61145', '62625', 'Ryan');
INSERT INTO Contests (contest_id, hacker_id, name)
VALUES ('61328', '62974', 'Ashley');
INSERT INTO Contests (contest_id, hacker_id, name)
VALUES ('61422', '63283', 'Julia');
INSERT INTO Contests (contest_id, hacker_id, name)
VALUES ('61974', '63437', 'Harry');
INSERT INTO Contests (contest_id, hacker_id, name)
VALUES ('62265', '63925', 'Sean');
INSERT INTO Contests (contest_id, hacker_id, name)
VALUES ('63035', '65051', 'Julia');
INSERT INTO Contests (contest_id, hacker_id, name)
VALUES ('63442', '65266', 'Marilyn');
INSERT INTO Contests (contest_id, hacker_id, name)
VALUES ('63645', '65445', 'Cheryl');
INSERT INTO Contests (contest_id, hacker_id, name)
VALUES ('63867', '65512', 'Susan');
INSERT INTO Contests (contest_id, hacker_id, name)
VALUES ('64049', '65751', 'Judith');
INSERT INTO Contests (contest_id, hacker_id, name)
VALUES ('64631', '65802', 'Ruth');
INSERT INTO Contests (contest_id, hacker_id, name)
VALUES ('64730', '65997', 'Jane');
INSERT INTO Contests (contest_id, hacker_id, name)
VALUES ('66107', '66188', 'Sara');
INSERT INTO Contests (contest_id, hacker_id, name)
VALUES ('67233', '66384', 'Denise');
INSERT INTO Contests (contest_id, hacker_id, name)
VALUES ('67248', '66519', 'Jason');
INSERT INTO Contests (contest_id, hacker_id, name)
VALUES ('68192', '66588', 'Rose');
INSERT INTO Contests (contest_id, hacker_id, name)
VALUES ('69036', '67038', 'Susan');
INSERT INTO Contests (contest_id, hacker_id, name)
VALUES ('69360', '67801', 'Irene');
INSERT INTO Contests (contest_id, hacker_id, name)
VALUES ('69734', '68212', 'Jonathan');
INSERT INTO Contests (contest_id, hacker_id, name)
VALUES ('69912', '69021', 'Shawn');
INSERT INTO Contests (contest_id, hacker_id, name)
VALUES ('70431', '69342', 'Julia');
INSERT INTO Contests (contest_id, hacker_id, name)
VALUES ('70485', '70186', 'Linda');
INSERT INTO Contests (contest_id, hacker_id, name)
VALUES ('71325', '70225', 'Melissa');
INSERT INTO Contests (contest_id, hacker_id, name)
VALUES ('71573', '70613', 'Dennis');
INSERT INTO Contests (contest_id, hacker_id, name)
VALUES ('71771', '70680', 'Jeremy');
INSERT INTO Contests (contest_id, hacker_id, name)
VALUES ('71875', '71198', 'Patrick');
INSERT INTO Contests (contest_id, hacker_id, name)
VALUES ('71964', '71277', 'Jennifer');
INSERT INTO Contests (contest_id, hacker_id, name)
VALUES ('72481', '71295', 'Lillian');
INSERT INTO Contests (contest_id, hacker_id, name)
VALUES ('72892', '71790', 'Charles');
INSERT INTO Contests (contest_id, hacker_id, name)
VALUES ('74017', '71896', 'Philip');
INSERT INTO Contests (contest_id, hacker_id, name)
VALUES ('74076', '74116', 'Jimmy');
INSERT INTO Contests (contest_id, hacker_id, name)
VALUES ('74097', '74132', 'Doris');
INSERT INTO Contests (contest_id, hacker_id, name)
VALUES ('74377', '74265', 'Craig');
INSERT INTO Contests (contest_id, hacker_id, name)
VALUES ('75042', '74434', 'Walter');
INSERT INTO Contests (contest_id, hacker_id, name)
VALUES ('75519', '74602', 'Wayne');
INSERT INTO Contests (contest_id, hacker_id, name)
VALUES ('75590', '74687', 'Katherine');
INSERT INTO Contests (contest_id, hacker_id, name)
VALUES ('75811', '75092', 'Mark');
INSERT INTO Contests (contest_id, hacker_id, name)
VALUES ('76448', '76670', 'Barbara');
INSERT INTO Contests (contest_id, hacker_id, name)
VALUES ('76529', '76699', 'Mark');
INSERT INTO Contests (contest_id, hacker_id, name)
VALUES ('76579', '76861', 'Joe');
INSERT INTO Contests (contest_id, hacker_id, name)
VALUES ('76690', '76868', 'Maria');
INSERT INTO Contests (contest_id, hacker_id, name)
VALUES ('76761', '77309', 'John');
INSERT INTO Contests (contest_id, hacker_id, name)
VALUES ('77178', '77582', 'Brian');
INSERT INTO Contests (contest_id, hacker_id, name)
VALUES ('77219', '77732', 'Kimberly');
INSERT INTO Contests (contest_id, hacker_id, name)
VALUES ('77516', '78273', 'Bonnie');
INSERT INTO Contests (contest_id, hacker_id, name)
VALUES ('77833', '79140', 'Terry');
INSERT INTO Contests (contest_id, hacker_id, name)
VALUES ('78076', '79615', 'Brian');
INSERT INTO Contests (contest_id, hacker_id, name)
VALUES ('78230', '79794', 'Ruby');
INSERT INTO Contests (contest_id, hacker_id, name)
VALUES ('78442', '80490', 'Wayne');
INSERT INTO Contests (contest_id, hacker_id, name)
VALUES ('78773', '80905', 'Rebecca');
INSERT INTO Contests (contest_id, hacker_id, name)
VALUES ('78828', '81038', 'Joyce');
INSERT INTO Contests (contest_id, hacker_id, name)
VALUES ('80045', '81220', 'Douglas');
INSERT INTO Contests (contest_id, hacker_id, name)
VALUES ('80050', '81486', 'Philip');
INSERT INTO Contests (contest_id, hacker_id, name)
VALUES ('80153', '81961', 'Lori');
INSERT INTO Contests (contest_id, hacker_id, name)
VALUES ('80542', '81977', 'Benjamin');
INSERT INTO Contests (contest_id, hacker_id, name)
VALUES ('80988', '82079', 'Dennis');
INSERT INTO Contests (contest_id, hacker_id, name)
VALUES ('81126', '83566', 'Sara');
INSERT INTO Contests (contest_id, hacker_id, name)
VALUES ('81702', '83699', 'Douglas');
INSERT INTO Contests (contest_id, hacker_id, name)
VALUES ('82011', '83717', 'Dennis');
INSERT INTO Contests (contest_id, hacker_id, name)
VALUES ('82043', '84239', 'Ernest');
INSERT INTO Contests (contest_id, hacker_id, name)
VALUES ('83200', '84324', 'Clarence');
INSERT INTO Contests (contest_id, hacker_id, name)
VALUES ('83490', '85217', 'Diana');
INSERT INTO Contests (contest_id, hacker_id, name)
VALUES ('83571', '85564', 'Steve');
INSERT INTO Contests (contest_id, hacker_id, name)
VALUES ('83991', '85806', 'Amy');
INSERT INTO Contests (contest_id, hacker_id, name)
VALUES ('84014', '86046', 'Adam');
INSERT INTO Contests (contest_id, hacker_id, name)
VALUES ('84487', '86193', 'Douglas');
INSERT INTO Contests (contest_id, hacker_id, name)
VALUES ('84559', '86911', 'Scott');
INSERT INTO Contests (contest_id, hacker_id, name)
VALUES ('86299', '87701', 'Samuel');
INSERT INTO Contests (contest_id, hacker_id, name)
VALUES ('86958', '89129', 'Louis');
INSERT INTO Contests (contest_id, hacker_id, name)
VALUES ('87325', '89951', 'Jason');
INSERT INTO Contests (contest_id, hacker_id, name)
VALUES ('87884', '90884', 'Bobby');
INSERT INTO Contests (contest_id, hacker_id, name)
VALUES ('87973', '92237', 'Janet');
INSERT INTO Contests (contest_id, hacker_id, name)
VALUES ('88430', '92586', 'Clarence');
INSERT INTO Contests (contest_id, hacker_id, name)
VALUES ('88649', '92975', 'Dorothy');
INSERT INTO Contests (contest_id, hacker_id, name)
VALUES ('88899', '93578', 'Sharon');
INSERT INTO Contests (contest_id, hacker_id, name)
VALUES ('89248', '94088', 'Brandon');
INSERT INTO Contests (contest_id, hacker_id, name)
VALUES ('90124', '94587', 'Timothy');
INSERT INTO Contests (contest_id, hacker_id, name)
VALUES ('91136', '94616', 'Christina');
INSERT INTO Contests (contest_id, hacker_id, name)
VALUES ('91198', '94699', 'Barbara');
INSERT INTO Contests (contest_id, hacker_id, name)
VALUES ('92080', '95022', 'Jose');
INSERT INTO Contests (contest_id, hacker_id, name)
VALUES ('92106', '95480', 'Kelly');
INSERT INTO Contests (contest_id, hacker_id, name)
VALUES ('92363', '95931', 'Paul');
INSERT INTO Contests (contest_id, hacker_id, name)
VALUES ('93073', '96120', 'Clarence');
INSERT INTO Contests (contest_id, hacker_id, name)
VALUES ('93865', '96419', 'Lillian');
INSERT INTO Contests (contest_id, hacker_id, name)
VALUES ('94245', '96733', 'Christine');
INSERT INTO Contests (contest_id, hacker_id, name)
VALUES ('96014', '97803', 'Russell');
INSERT INTO Contests (contest_id, hacker_id, name)
VALUES ('96961', '97871', 'Marie');
INSERT INTO Contests (contest_id, hacker_id, name)
VALUES ('97440', '97927', 'Richard');
INSERT INTO Contests (contest_id, hacker_id, name)
VALUES ('98321', '97969', 'Kenneth');
INSERT INTO Contests (contest_id, hacker_id, name)
VALUES ('99238', '98431', 'Judy');
INSERT INTO Contests (contest_id, hacker_id, name)
VALUES ('99245', '98717', 'Arthur');
INSERT INTO Contests (contest_id, hacker_id, name)
VALUES ('99580', '98798', 'Lori');
INSERT INTO Contests (contest_id, hacker_id, name)
VALUES ('99739', '99016', 'Scott');
INSERT INTO Contests (contest_id, hacker_id, name)
VALUES ('99977', '99691', 'Brian');


-- Colleges
DROP TABLE Colleges;

CREATE TABLE Colleges (
	college_id INT,
	contest_id INT
);

INSERT INTO Colleges (college_id, contest_id)
VALUES ('96', '845');
INSERT INTO Colleges (college_id, contest_id)
VALUES ('191', '845');
INSERT INTO Colleges (college_id, contest_id)
VALUES ('326', '858');
INSERT INTO Colleges (college_id, contest_id)
VALUES ('473', '858');
INSERT INTO Colleges (college_id, contest_id)
VALUES ('750', '883');
INSERT INTO Colleges (college_id, contest_id)
VALUES ('884', '883');
INSERT INTO Colleges (college_id, contest_id)
VALUES ('958', '1793');
INSERT INTO Colleges (college_id, contest_id)
VALUES ('984', '1793');
INSERT INTO Colleges (college_id, contest_id)
VALUES ('1055', '2374');
INSERT INTO Colleges (college_id, contest_id)
VALUES ('1076', '2374');
INSERT INTO Colleges (college_id, contest_id)
VALUES ('2062', '2374');
INSERT INTO Colleges (college_id, contest_id)
VALUES ('2073', '2374');
INSERT INTO Colleges (college_id, contest_id)
VALUES ('2185', '2963');
INSERT INTO Colleges (college_id, contest_id)
VALUES ('2202', '2963');
INSERT INTO Colleges (college_id, contest_id)
VALUES ('2220', '2963');
INSERT INTO Colleges (college_id, contest_id)
VALUES ('2422', '2963');
INSERT INTO Colleges (college_id, contest_id)
VALUES ('2684', '3584');
INSERT INTO Colleges (college_id, contest_id)
VALUES ('2720', '3584');
INSERT INTO Colleges (college_id, contest_id)
VALUES ('2734', '3584');
INSERT INTO Colleges (college_id, contest_id)
VALUES ('2816', '3584');
INSERT INTO Colleges (college_id, contest_id)
VALUES ('2950', '4044');
INSERT INTO Colleges (college_id, contest_id)
VALUES ('3042', '4044');
INSERT INTO Colleges (college_id, contest_id)
VALUES ('3154', '4044');
INSERT INTO Colleges (college_id, contest_id)
VALUES ('3265', '4249');
INSERT INTO Colleges (college_id, contest_id)
VALUES ('3325', '4249');
INSERT INTO Colleges (college_id, contest_id)
VALUES ('3597', '4249');
INSERT INTO Colleges (college_id, contest_id)
VALUES ('3925', '4249');
INSERT INTO Colleges (college_id, contest_id)
VALUES ('4018', '4249');
INSERT INTO Colleges (college_id, contest_id)
VALUES ('4246', '4269');
INSERT INTO Colleges (college_id, contest_id)
VALUES ('4445', '4269');
INSERT INTO Colleges (college_id, contest_id)
VALUES ('4543', '4483');
INSERT INTO Colleges (college_id, contest_id)
VALUES ('4623', '4483');
INSERT INTO Colleges (college_id, contest_id)
VALUES ('4629', '4483');
INSERT INTO Colleges (college_id, contest_id)
VALUES ('4957', '4541');
INSERT INTO Colleges (college_id, contest_id)
VALUES ('5112', '4541');
INSERT INTO Colleges (college_id, contest_id)
VALUES ('5305', '4601');
INSERT INTO Colleges (college_id, contest_id)
VALUES ('5473', '4601');
INSERT INTO Colleges (college_id, contest_id)
VALUES ('5592', '4710');
INSERT INTO Colleges (college_id, contest_id)
VALUES ('5717', '4710');
INSERT INTO Colleges (college_id, contest_id)
VALUES ('5782', '4710');
INSERT INTO Colleges (college_id, contest_id)
VALUES ('5930', '4710');
INSERT INTO Colleges (college_id, contest_id)
VALUES ('6088', '4710');
INSERT INTO Colleges (college_id, contest_id)
VALUES ('6341', '4982');
INSERT INTO Colleges (college_id, contest_id)
VALUES ('6343', '4982');
INSERT INTO Colleges (college_id, contest_id)
VALUES ('7124', '4982');
INSERT INTO Colleges (college_id, contest_id)
VALUES ('7419', '4982');
INSERT INTO Colleges (college_id, contest_id)
VALUES ('7432', '4982');
INSERT INTO Colleges (college_id, contest_id)
VALUES ('7651', '5913');
INSERT INTO Colleges (college_id, contest_id)
VALUES ('7865', '5913');
INSERT INTO Colleges (college_id, contest_id)
VALUES ('7910', '5913');
INSERT INTO Colleges (college_id, contest_id)
VALUES ('7965', '5913');
INSERT INTO Colleges (college_id, contest_id)
VALUES ('8433', '5913');
INSERT INTO Colleges (college_id, contest_id)
VALUES ('8884', '5994');
INSERT INTO Colleges (college_id, contest_id)
VALUES ('9053', '5994');
INSERT INTO Colleges (college_id, contest_id)
VALUES ('9359', '5994');
INSERT INTO Colleges (college_id, contest_id)
VALUES ('9672', '5994');
INSERT INTO Colleges (college_id, contest_id)
VALUES ('9701', '5994');
INSERT INTO Colleges (college_id, contest_id)
VALUES ('10142', '6939');
INSERT INTO Colleges (college_id, contest_id)
VALUES ('10174', '6939');
INSERT INTO Colleges (college_id, contest_id)
VALUES ('10527', '6939');
INSERT INTO Colleges (college_id, contest_id)
VALUES ('11467', '6939');
INSERT INTO Colleges (college_id, contest_id)
VALUES ('11732', '6939');
INSERT INTO Colleges (college_id, contest_id)
VALUES ('11761', '7266');
INSERT INTO Colleges (college_id, contest_id)
VALUES ('11863', '7266');
INSERT INTO Colleges (college_id, contest_id)
VALUES ('11903', '7266');
INSERT INTO Colleges (college_id, contest_id)
VALUES ('11942', '7266');
INSERT INTO Colleges (college_id, contest_id)
VALUES ('12132', '7280');
INSERT INTO Colleges (college_id, contest_id)
VALUES ('12180', '7280');
INSERT INTO Colleges (college_id, contest_id)
VALUES ('12449', '7484');
INSERT INTO Colleges (college_id, contest_id)
VALUES ('12523', '7484');
INSERT INTO Colleges (college_id, contest_id)
VALUES ('13117', '7484');
INSERT INTO Colleges (college_id, contest_id)
VALUES ('13389', '7484');
INSERT INTO Colleges (college_id, contest_id)
VALUES ('13807', '7484');
INSERT INTO Colleges (college_id, contest_id)
VALUES ('14020', '7734');
INSERT INTO Colleges (college_id, contest_id)
VALUES ('14384', '7734');
INSERT INTO Colleges (college_id, contest_id)
VALUES ('14393', '7734');
INSERT INTO Colleges (college_id, contest_id)
VALUES ('14435', '7734');
INSERT INTO Colleges (college_id, contest_id)
VALUES ('14593', '7831');
INSERT INTO Colleges (college_id, contest_id)
VALUES ('14967', '7831');
INSERT INTO Colleges (college_id, contest_id)
VALUES ('15294', '7831');
INSERT INTO Colleges (college_id, contest_id)
VALUES ('15332', '7862');
INSERT INTO Colleges (college_id, contest_id)
VALUES ('15445', '7862');
INSERT INTO Colleges (college_id, contest_id)
VALUES ('15457', '7862');
INSERT INTO Colleges (college_id, contest_id)
VALUES ('15615', '7862');
INSERT INTO Colleges (college_id, contest_id)
VALUES ('15817', '8812');
INSERT INTO Colleges (college_id, contest_id)
VALUES ('16037', '8812');
INSERT INTO Colleges (college_id, contest_id)
VALUES ('16358', '8825');
INSERT INTO Colleges (college_id, contest_id)
VALUES ('16424', '8825');
INSERT INTO Colleges (college_id, contest_id)
VALUES ('16443', '8825');
INSERT INTO Colleges (college_id, contest_id)
VALUES ('16542', '9136');
INSERT INTO Colleges (college_id, contest_id)
VALUES ('16750', '9136');
INSERT INTO Colleges (college_id, contest_id)
VALUES ('17335', '9136');
INSERT INTO Colleges (college_id, contest_id)
VALUES ('17465', '9136');
INSERT INTO Colleges (college_id, contest_id)
VALUES ('17750', '9136');
INSERT INTO Colleges (college_id, contest_id)
VALUES ('17910', '9613');
INSERT INTO Colleges (college_id, contest_id)
VALUES ('17933', '9613');
INSERT INTO Colleges (college_id, contest_id)
VALUES ('18644', '9613');
INSERT INTO Colleges (college_id, contest_id)
VALUES ('19153', '9613');
INSERT INTO Colleges (college_id, contest_id)
VALUES ('19423', '9613');
INSERT INTO Colleges (college_id, contest_id)
VALUES ('19432', '10568');
INSERT INTO Colleges (college_id, contest_id)
VALUES ('19551', '10568');
INSERT INTO Colleges (college_id, contest_id)
VALUES ('19852', '10568');
INSERT INTO Colleges (college_id, contest_id)
VALUES ('20172', '10568');
INSERT INTO Colleges (college_id, contest_id)
VALUES ('20419', '11100');
INSERT INTO Colleges (college_id, contest_id)
VALUES ('20606', '11100');
INSERT INTO Colleges (college_id, contest_id)
VALUES ('20649', '11100');
INSERT INTO Colleges (college_id, contest_id)
VALUES ('20913', '12742');
INSERT INTO Colleges (college_id, contest_id)
VALUES ('20948', '12742');
INSERT INTO Colleges (college_id, contest_id)
VALUES ('21665', '12742');
INSERT INTO Colleges (college_id, contest_id)
VALUES ('21900', '12861');
INSERT INTO Colleges (college_id, contest_id)
VALUES ('22076', '12861');
INSERT INTO Colleges (college_id, contest_id)
VALUES ('22083', '12861');
INSERT INTO Colleges (college_id, contest_id)
VALUES ('22243', '12861');
INSERT INTO Colleges (college_id, contest_id)
VALUES ('22292', '12865');
INSERT INTO Colleges (college_id, contest_id)
VALUES ('22717', '12865');
INSERT INTO Colleges (college_id, contest_id)
VALUES ('22843', '12865');
INSERT INTO Colleges (college_id, contest_id)
VALUES ('22964', '13503');
INSERT INTO Colleges (college_id, contest_id)
VALUES ('23222', '13503');
INSERT INTO Colleges (college_id, contest_id)
VALUES ('23637', '13537');
INSERT INTO Colleges (college_id, contest_id)
VALUES ('23773', '13537');
INSERT INTO Colleges (college_id, contest_id)
VALUES ('24033', '13612');
INSERT INTO Colleges (college_id, contest_id)
VALUES ('24086', '13612');
INSERT INTO Colleges (college_id, contest_id)
VALUES ('24101', '14502');
INSERT INTO Colleges (college_id, contest_id)
VALUES ('24306', '14502');
INSERT INTO Colleges (college_id, contest_id)
VALUES ('24309', '14867');
INSERT INTO Colleges (college_id, contest_id)
VALUES ('24391', '14867');
INSERT INTO Colleges (college_id, contest_id)
VALUES ('25653', '14867');
INSERT INTO Colleges (college_id, contest_id)
VALUES ('25721', '14867');
INSERT INTO Colleges (college_id, contest_id)
VALUES ('25753', '15164');
INSERT INTO Colleges (college_id, contest_id)
VALUES ('25979', '15164');
INSERT INTO Colleges (college_id, contest_id)
VALUES ('26015', '15164');
INSERT INTO Colleges (college_id, contest_id)
VALUES ('26029', '15804');
INSERT INTO Colleges (college_id, contest_id)
VALUES ('26186', '15804');
INSERT INTO Colleges (college_id, contest_id)
VALUES ('26190', '15891');
INSERT INTO Colleges (college_id, contest_id)
VALUES ('26334', '15891');
INSERT INTO Colleges (college_id, contest_id)
VALUES ('26394', '15891');
INSERT INTO Colleges (college_id, contest_id)
VALUES ('26426', '16063');
INSERT INTO Colleges (college_id, contest_id)
VALUES ('26558', '16063');
INSERT INTO Colleges (college_id, contest_id)
VALUES ('27517', '16415');
INSERT INTO Colleges (college_id, contest_id)
VALUES ('27702', '16415');
INSERT INTO Colleges (college_id, contest_id)
VALUES ('28159', '16415');
INSERT INTO Colleges (college_id, contest_id)
VALUES ('28375', '16415');
INSERT INTO Colleges (college_id, contest_id)
VALUES ('28835', '16415');
INSERT INTO Colleges (college_id, contest_id)
VALUES ('29324', '18477');
INSERT INTO Colleges (college_id, contest_id)
VALUES ('29908', '18477');
INSERT INTO Colleges (college_id, contest_id)
VALUES ('29985', '18855');
INSERT INTO Colleges (college_id, contest_id)
VALUES ('30414', '18855');
INSERT INTO Colleges (college_id, contest_id)
VALUES ('30528', '18855');
INSERT INTO Colleges (college_id, contest_id)
VALUES ('30679', '18855');
INSERT INTO Colleges (college_id, contest_id)
VALUES ('30722', '18855');
INSERT INTO Colleges (college_id, contest_id)
VALUES ('30766', '19097');
INSERT INTO Colleges (college_id, contest_id)
VALUES ('30807', '19097');
INSERT INTO Colleges (college_id, contest_id)
VALUES ('30893', '19097');
INSERT INTO Colleges (college_id, contest_id)
VALUES ('31095', '19575');
INSERT INTO Colleges (college_id, contest_id)
VALUES ('31340', '19575');
INSERT INTO Colleges (college_id, contest_id)
VALUES ('31354', '19575');
INSERT INTO Colleges (college_id, contest_id)
VALUES ('31581', '19575');
INSERT INTO Colleges (college_id, contest_id)
VALUES ('31982', '20068');
INSERT INTO Colleges (college_id, contest_id)
VALUES ('32096', '20068');
INSERT INTO Colleges (college_id, contest_id)
VALUES ('32110', '20068');
INSERT INTO Colleges (college_id, contest_id)
VALUES ('32159', '20096');
INSERT INTO Colleges (college_id, contest_id)
VALUES ('32372', '20096');
INSERT INTO Colleges (college_id, contest_id)
VALUES ('33415', '20723');
INSERT INTO Colleges (college_id, contest_id)
VALUES ('33613', '20723');
INSERT INTO Colleges (college_id, contest_id)
VALUES ('33775', '20723');
INSERT INTO Colleges (college_id, contest_id)
VALUES ('33927', '20723');
INSERT INTO Colleges (college_id, contest_id)
VALUES ('33964', '21230');
INSERT INTO Colleges (college_id, contest_id)
VALUES ('33975', '21230');
INSERT INTO Colleges (college_id, contest_id)
VALUES ('34130', '21490');
INSERT INTO Colleges (college_id, contest_id)
VALUES ('34300', '21490');
INSERT INTO Colleges (college_id, contest_id)
VALUES ('34463', '22671');
INSERT INTO Colleges (college_id, contest_id)
VALUES ('34504', '22671');
INSERT INTO Colleges (college_id, contest_id)
VALUES ('34849', '22671');
INSERT INTO Colleges (college_id, contest_id)
VALUES ('35045', '22758');
INSERT INTO Colleges (college_id, contest_id)
VALUES ('35162', '22758');
INSERT INTO Colleges (college_id, contest_id)
VALUES ('35322', '22758');
INSERT INTO Colleges (college_id, contest_id)
VALUES ('35511', '23225');
INSERT INTO Colleges (college_id, contest_id)
VALUES ('35904', '23225');
INSERT INTO Colleges (college_id, contest_id)
VALUES ('35972', '23240');
INSERT INTO Colleges (college_id, contest_id)
VALUES ('36094', '23240');
INSERT INTO Colleges (college_id, contest_id)
VALUES ('36631', '23240');
INSERT INTO Colleges (college_id, contest_id)
VALUES ('36789', '23240');
INSERT INTO Colleges (college_id, contest_id)
VALUES ('37095', '23320');
INSERT INTO Colleges (college_id, contest_id)
VALUES ('37192', '23320');
INSERT INTO Colleges (college_id, contest_id)
VALUES ('37390', '23320');
INSERT INTO Colleges (college_id, contest_id)
VALUES ('37478', '23651');
INSERT INTO Colleges (college_id, contest_id)
VALUES ('37741', '23651');
INSERT INTO Colleges (college_id, contest_id)
VALUES ('37751', '23651');
INSERT INTO Colleges (college_id, contest_id)
VALUES ('37816', '23734');
INSERT INTO Colleges (college_id, contest_id)
VALUES ('37834', '23734');
INSERT INTO Colleges (college_id, contest_id)
VALUES ('38240', '23851');
INSERT INTO Colleges (college_id, contest_id)
VALUES ('38685', '23851');
INSERT INTO Colleges (college_id, contest_id)
VALUES ('38779', '23851');
INSERT INTO Colleges (college_id, contest_id)
VALUES ('38994', '24602');
INSERT INTO Colleges (college_id, contest_id)
VALUES ('39175', '24602');
INSERT INTO Colleges (college_id, contest_id)
VALUES ('39431', '24602');
INSERT INTO Colleges (college_id, contest_id)
VALUES ('39611', '24602');
INSERT INTO Colleges (college_id, contest_id)
VALUES ('40074', '24784');
INSERT INTO Colleges (college_id, contest_id)
VALUES ('40250', '24784');
INSERT INTO Colleges (college_id, contest_id)
VALUES ('40341', '24784');
INSERT INTO Colleges (college_id, contest_id)
VALUES ('40580', '24928');
INSERT INTO Colleges (college_id, contest_id)
VALUES ('40814', '24928');
INSERT INTO Colleges (college_id, contest_id)
VALUES ('41806', '24928');
INSERT INTO Colleges (college_id, contest_id)
VALUES ('41852', '24928');
INSERT INTO Colleges (college_id, contest_id)
VALUES ('41952', '26157');
INSERT INTO Colleges (college_id, contest_id)
VALUES ('42051', '26157');
INSERT INTO Colleges (college_id, contest_id)
VALUES ('42800', '26368');
INSERT INTO Colleges (college_id, contest_id)
VALUES ('43232', '26368');
INSERT INTO Colleges (college_id, contest_id)
VALUES ('43621', '26368');
INSERT INTO Colleges (college_id, contest_id)
VALUES ('43690', '26676');
INSERT INTO Colleges (college_id, contest_id)
VALUES ('43694', '26676');
INSERT INTO Colleges (college_id, contest_id)
VALUES ('43789', '26676');
INSERT INTO Colleges (college_id, contest_id)
VALUES ('44513', '26676');
INSERT INTO Colleges (college_id, contest_id)
VALUES ('44604', '26676');
INSERT INTO Colleges (college_id, contest_id)
VALUES ('44695', '26765');
INSERT INTO Colleges (college_id, contest_id)
VALUES ('44930', '26765');
INSERT INTO Colleges (college_id, contest_id)
VALUES ('44969', '27154');
INSERT INTO Colleges (college_id, contest_id)
VALUES ('45047', '27154');
INSERT INTO Colleges (college_id, contest_id)
VALUES ('45057', '27154');
INSERT INTO Colleges (college_id, contest_id)
VALUES ('45074', '27154');
INSERT INTO Colleges (college_id, contest_id)
VALUES ('45103', '27531');
INSERT INTO Colleges (college_id, contest_id)
VALUES ('45240', '27531');
INSERT INTO Colleges (college_id, contest_id)
VALUES ('45620', '27531');
INSERT INTO Colleges (college_id, contest_id)
VALUES ('45973', '28466');
INSERT INTO Colleges (college_id, contest_id)
VALUES ('46112', '28466');
INSERT INTO Colleges (college_id, contest_id)
VALUES ('46280', '28466');
INSERT INTO Colleges (college_id, contest_id)
VALUES ('46344', '29050');
INSERT INTO Colleges (college_id, contest_id)
VALUES ('46345', '29050');
INSERT INTO Colleges (college_id, contest_id)
VALUES ('46438', '29050');
INSERT INTO Colleges (college_id, contest_id)
VALUES ('46593', '29437');
INSERT INTO Colleges (college_id, contest_id)
VALUES ('46673', '29437');
INSERT INTO Colleges (college_id, contest_id)
VALUES ('47626', '29729');
INSERT INTO Colleges (college_id, contest_id)
VALUES ('47627', '29729');
INSERT INTO Colleges (college_id, contest_id)
VALUES ('47831', '29729');
INSERT INTO Colleges (college_id, contest_id)
VALUES ('47949', '29729');
INSERT INTO Colleges (college_id, contest_id)
VALUES ('47994', '29885');
INSERT INTO Colleges (college_id, contest_id)
VALUES ('48256', '29885');
INSERT INTO Colleges (college_id, contest_id)
VALUES ('48264', '30359');
INSERT INTO Colleges (college_id, contest_id)
VALUES ('48530', '30359');
INSERT INTO Colleges (college_id, contest_id)
VALUES ('48534', '30379');
INSERT INTO Colleges (college_id, contest_id)
VALUES ('48615', '30379');
INSERT INTO Colleges (college_id, contest_id)
VALUES ('48626', '30379');
INSERT INTO Colleges (college_id, contest_id)
VALUES ('48776', '30379');
INSERT INTO Colleges (college_id, contest_id)
VALUES ('49529', '30379');
INSERT INTO Colleges (college_id, contest_id)
VALUES ('49699', '30539');
INSERT INTO Colleges (college_id, contest_id)
VALUES ('49800', '30539');
INSERT INTO Colleges (college_id, contest_id)
VALUES ('50596', '30539');
INSERT INTO Colleges (college_id, contest_id)
VALUES ('50656', '30539');
INSERT INTO Colleges (college_id, contest_id)
VALUES ('50761', '30539');
INSERT INTO Colleges (college_id, contest_id)
VALUES ('50888', '30613');
INSERT INTO Colleges (college_id, contest_id)
VALUES ('50958', '30613');
INSERT INTO Colleges (college_id, contest_id)
VALUES ('51200', '30613');
INSERT INTO Colleges (college_id, contest_id)
VALUES ('51484', '30613');
INSERT INTO Colleges (college_id, contest_id)
VALUES ('51502', '30650');
INSERT INTO Colleges (college_id, contest_id)
VALUES ('51671', '30650');
INSERT INTO Colleges (college_id, contest_id)
VALUES ('51888', '30650');
INSERT INTO Colleges (college_id, contest_id)
VALUES ('51910', '31098');
INSERT INTO Colleges (college_id, contest_id)
VALUES ('52020', '31098');
INSERT INTO Colleges (college_id, contest_id)
VALUES ('52101', '31212');
INSERT INTO Colleges (college_id, contest_id)
VALUES ('52225', '31212');
INSERT INTO Colleges (college_id, contest_id)
VALUES ('52927', '31212');
INSERT INTO Colleges (college_id, contest_id)
VALUES ('53387', '31212');
INSERT INTO Colleges (college_id, contest_id)
VALUES ('53946', '31410');
INSERT INTO Colleges (college_id, contest_id)
VALUES ('54237', '31410');
INSERT INTO Colleges (college_id, contest_id)
VALUES ('54313', '31410');
INSERT INTO Colleges (college_id, contest_id)
VALUES ('55189', '31901');
INSERT INTO Colleges (college_id, contest_id)
VALUES ('55294', '31901');
INSERT INTO Colleges (college_id, contest_id)
VALUES ('55749', '31901');
INSERT INTO Colleges (college_id, contest_id)
VALUES ('55811', '31942');
INSERT INTO Colleges (college_id, contest_id)
VALUES ('56126', '31942');
INSERT INTO Colleges (college_id, contest_id)
VALUES ('56677', '32100');
INSERT INTO Colleges (college_id, contest_id)
VALUES ('56952', '32100');
INSERT INTO Colleges (college_id, contest_id)
VALUES ('57234', '32100');
INSERT INTO Colleges (college_id, contest_id)
VALUES ('57248', '32577');
INSERT INTO Colleges (college_id, contest_id)
VALUES ('57355', '32577');
INSERT INTO Colleges (college_id, contest_id)
VALUES ('57430', '32577');
INSERT INTO Colleges (college_id, contest_id)
VALUES ('57444', '32577');
INSERT INTO Colleges (college_id, contest_id)
VALUES ('57648', '32936');
INSERT INTO Colleges (college_id, contest_id)
VALUES ('57687', '32936');
INSERT INTO Colleges (college_id, contest_id)
VALUES ('57728', '33396');
INSERT INTO Colleges (college_id, contest_id)
VALUES ('58082', '33396');
INSERT INTO Colleges (college_id, contest_id)
VALUES ('58329', '33469');
INSERT INTO Colleges (college_id, contest_id)
VALUES ('58610', '33469');
INSERT INTO Colleges (college_id, contest_id)
VALUES ('58684', '33469');
INSERT INTO Colleges (college_id, contest_id)
VALUES ('58699', '33469');
INSERT INTO Colleges (college_id, contest_id)
VALUES ('58728', '33493');
INSERT INTO Colleges (college_id, contest_id)
VALUES ('58842', '33493');
INSERT INTO Colleges (college_id, contest_id)
VALUES ('58865', '33493');
INSERT INTO Colleges (college_id, contest_id)
VALUES ('58940', '33919');
INSERT INTO Colleges (college_id, contest_id)
VALUES ('59660', '33919');
INSERT INTO Colleges (college_id, contest_id)
VALUES ('60053', '33919');
INSERT INTO Colleges (college_id, contest_id)
VALUES ('60107', '33919');
INSERT INTO Colleges (college_id, contest_id)
VALUES ('60208', '34128');
INSERT INTO Colleges (college_id, contest_id)
VALUES ('60373', '34128');
INSERT INTO Colleges (college_id, contest_id)
VALUES ('60601', '34193');
INSERT INTO Colleges (college_id, contest_id)
VALUES ('60699', '34193');
INSERT INTO Colleges (college_id, contest_id)
VALUES ('60749', '34193');
INSERT INTO Colleges (college_id, contest_id)
VALUES ('61011', '34193');
INSERT INTO Colleges (college_id, contest_id)
VALUES ('61144', '34193');
INSERT INTO Colleges (college_id, contest_id)
VALUES ('61977', '34774');
INSERT INTO Colleges (college_id, contest_id)
VALUES ('62057', '34774');
INSERT INTO Colleges (college_id, contest_id)
VALUES ('62236', '34774');
INSERT INTO Colleges (college_id, contest_id)
VALUES ('62249', '34968');
INSERT INTO Colleges (college_id, contest_id)
VALUES ('62573', '34968');
INSERT INTO Colleges (college_id, contest_id)
VALUES ('63315', '35728');
INSERT INTO Colleges (college_id, contest_id)
VALUES ('63423', '35728');
INSERT INTO Colleges (college_id, contest_id)
VALUES ('63448', '35728');
INSERT INTO Colleges (college_id, contest_id)
VALUES ('63502', '35907');
INSERT INTO Colleges (college_id, contest_id)
VALUES ('63811', '35907');
INSERT INTO Colleges (college_id, contest_id)
VALUES ('63820', '36473');
INSERT INTO Colleges (college_id, contest_id)
VALUES ('63902', '36473');
INSERT INTO Colleges (college_id, contest_id)
VALUES ('64053', '36473');
INSERT INTO Colleges (college_id, contest_id)
VALUES ('64211', '36473');
INSERT INTO Colleges (college_id, contest_id)
VALUES ('64873', '36570');
INSERT INTO Colleges (college_id, contest_id)
VALUES ('64901', '36570');
INSERT INTO Colleges (college_id, contest_id)
VALUES ('65018', '36570');
INSERT INTO Colleges (college_id, contest_id)
VALUES ('65331', '36570');
INSERT INTO Colleges (college_id, contest_id)
VALUES ('65556', '36627');
INSERT INTO Colleges (college_id, contest_id)
VALUES ('65587', '36627');
INSERT INTO Colleges (college_id, contest_id)
VALUES ('65694', '37370');
INSERT INTO Colleges (college_id, contest_id)
VALUES ('65728', '37370');
INSERT INTO Colleges (college_id, contest_id)
VALUES ('65732', '37370');
INSERT INTO Colleges (college_id, contest_id)
VALUES ('65884', '37370');
INSERT INTO Colleges (college_id, contest_id)
VALUES ('66352', '37620');
INSERT INTO Colleges (college_id, contest_id)
VALUES ('66364', '37620');
INSERT INTO Colleges (college_id, contest_id)
VALUES ('66455', '37620');
INSERT INTO Colleges (college_id, contest_id)
VALUES ('66745', '37620');
INSERT INTO Colleges (college_id, contest_id)
VALUES ('66983', '38059');
INSERT INTO Colleges (college_id, contest_id)
VALUES ('67360', '38059');
INSERT INTO Colleges (college_id, contest_id)
VALUES ('67452', '38059');
INSERT INTO Colleges (college_id, contest_id)
VALUES ('68261', '38059');
INSERT INTO Colleges (college_id, contest_id)
VALUES ('68311', '38874');
INSERT INTO Colleges (college_id, contest_id)
VALUES ('68527', '38874');
INSERT INTO Colleges (college_id, contest_id)
VALUES ('68586', '38874');
INSERT INTO Colleges (college_id, contest_id)
VALUES ('68603', '39726');
INSERT INTO Colleges (college_id, contest_id)
VALUES ('69303', '39726');
INSERT INTO Colleges (college_id, contest_id)
VALUES ('69433', '39726');
INSERT INTO Colleges (college_id, contest_id)
VALUES ('69564', '40425');
INSERT INTO Colleges (college_id, contest_id)
VALUES ('69880', '40425');
INSERT INTO Colleges (college_id, contest_id)
VALUES ('70260', '40425');
INSERT INTO Colleges (college_id, contest_id)
VALUES ('70432', '40425');
INSERT INTO Colleges (college_id, contest_id)
VALUES ('70434', '40769');
INSERT INTO Colleges (college_id, contest_id)
VALUES ('70469', '40769');
INSERT INTO Colleges (college_id, contest_id)
VALUES ('70662', '41324');
INSERT INTO Colleges (college_id, contest_id)
VALUES ('70772', '41324');
INSERT INTO Colleges (college_id, contest_id)
VALUES ('70888', '41337');
INSERT INTO Colleges (college_id, contest_id)
VALUES ('71018', '41337');
INSERT INTO Colleges (college_id, contest_id)
VALUES ('71521', '42103');
INSERT INTO Colleges (college_id, contest_id)
VALUES ('71563', '42103');
INSERT INTO Colleges (college_id, contest_id)
VALUES ('71711', '42103');
INSERT INTO Colleges (college_id, contest_id)
VALUES ('72228', '42103');
INSERT INTO Colleges (college_id, contest_id)
VALUES ('72400', '42103');
INSERT INTO Colleges (college_id, contest_id)
VALUES ('72572', '42318');
INSERT INTO Colleges (college_id, contest_id)
VALUES ('72782', '42318');
INSERT INTO Colleges (college_id, contest_id)
VALUES ('73036', '42538');
INSERT INTO Colleges (college_id, contest_id)
VALUES ('73323', '42538');
INSERT INTO Colleges (college_id, contest_id)
VALUES ('73507', '42538');
INSERT INTO Colleges (college_id, contest_id)
VALUES ('73948', '42538');
INSERT INTO Colleges (college_id, contest_id)
VALUES ('74218', '43835');
INSERT INTO Colleges (college_id, contest_id)
VALUES ('74304', '43835');
INSERT INTO Colleges (college_id, contest_id)
VALUES ('74387', '43835');
INSERT INTO Colleges (college_id, contest_id)
VALUES ('75027', '44388');
INSERT INTO Colleges (college_id, contest_id)
VALUES ('75135', '44388');
INSERT INTO Colleges (college_id, contest_id)
VALUES ('75377', '44388');
INSERT INTO Colleges (college_id, contest_id)
VALUES ('75482', '44388');
INSERT INTO Colleges (college_id, contest_id)
VALUES ('75510', '44603');
INSERT INTO Colleges (college_id, contest_id)
VALUES ('75661', '44603');
INSERT INTO Colleges (college_id, contest_id)
VALUES ('75754', '44603');
INSERT INTO Colleges (college_id, contest_id)
VALUES ('75873', '44603');
INSERT INTO Colleges (college_id, contest_id)
VALUES ('76245', '44603');
INSERT INTO Colleges (college_id, contest_id)
VALUES ('76274', '45209');
INSERT INTO Colleges (college_id, contest_id)
VALUES ('76305', '45209');
INSERT INTO Colleges (college_id, contest_id)
VALUES ('76426', '45745');
INSERT INTO Colleges (college_id, contest_id)
VALUES ('76463', '45745');
INSERT INTO Colleges (college_id, contest_id)
VALUES ('76553', '46556');
INSERT INTO Colleges (college_id, contest_id)
VALUES ('76683', '46556');
INSERT INTO Colleges (college_id, contest_id)
VALUES ('77424', '46835');
INSERT INTO Colleges (college_id, contest_id)
VALUES ('77562', '46835');
INSERT INTO Colleges (college_id, contest_id)
VALUES ('77885', '46835');
INSERT INTO Colleges (college_id, contest_id)
VALUES ('78134', '46835');
INSERT INTO Colleges (college_id, contest_id)
VALUES ('78169', '46835');
INSERT INTO Colleges (college_id, contest_id)
VALUES ('78430', '47010');
INSERT INTO Colleges (college_id, contest_id)
VALUES ('78542', '47010');
INSERT INTO Colleges (college_id, contest_id)
VALUES ('78595', '47010');
INSERT INTO Colleges (college_id, contest_id)
VALUES ('78924', '47250');
INSERT INTO Colleges (college_id, contest_id)
VALUES ('79020', '47250');
INSERT INTO Colleges (college_id, contest_id)
VALUES ('79115', '47250');
INSERT INTO Colleges (college_id, contest_id)
VALUES ('79118', '47250');
INSERT INTO Colleges (college_id, contest_id)
VALUES ('79406', '47250');
INSERT INTO Colleges (college_id, contest_id)
VALUES ('79523', '48110');
INSERT INTO Colleges (college_id, contest_id)
VALUES ('80413', '48110');
INSERT INTO Colleges (college_id, contest_id)
VALUES ('80527', '48283');
INSERT INTO Colleges (college_id, contest_id)
VALUES ('80599', '48283');
INSERT INTO Colleges (college_id, contest_id)
VALUES ('80637', '48283');
INSERT INTO Colleges (college_id, contest_id)
VALUES ('80816', '48283');
INSERT INTO Colleges (college_id, contest_id)
VALUES ('81178', '48283');
INSERT INTO Colleges (college_id, contest_id)
VALUES ('81180', '48343');
INSERT INTO Colleges (college_id, contest_id)
VALUES ('81276', '48343');
INSERT INTO Colleges (college_id, contest_id)
VALUES ('81311', '48343');
INSERT INTO Colleges (college_id, contest_id)
VALUES ('81419', '48469');
INSERT INTO Colleges (college_id, contest_id)
VALUES ('81448', '48469');
INSERT INTO Colleges (college_id, contest_id)
VALUES ('81499', '48469');
INSERT INTO Colleges (college_id, contest_id)
VALUES ('81812', '48469');
INSERT INTO Colleges (college_id, contest_id)
VALUES ('82052', '48602');
INSERT INTO Colleges (college_id, contest_id)
VALUES ('82149', '48602');
INSERT INTO Colleges (college_id, contest_id)
VALUES ('82238', '48787');
INSERT INTO Colleges (college_id, contest_id)
VALUES ('82248', '48787');
INSERT INTO Colleges (college_id, contest_id)
VALUES ('82252', '48787');
INSERT INTO Colleges (college_id, contest_id)
VALUES ('82422', '48787');
INSERT INTO Colleges (college_id, contest_id)
VALUES ('82679', '48787');
INSERT INTO Colleges (college_id, contest_id)
VALUES ('82713', '50135');
INSERT INTO Colleges (college_id, contest_id)
VALUES ('82908', '50135');
INSERT INTO Colleges (college_id, contest_id)
VALUES ('82939', '50135');
INSERT INTO Colleges (college_id, contest_id)
VALUES ('82965', '50135');
INSERT INTO Colleges (college_id, contest_id)
VALUES ('83041', '50135');
INSERT INTO Colleges (college_id, contest_id)
VALUES ('83090', '50325');
INSERT INTO Colleges (college_id, contest_id)
VALUES ('83250', '50325');
INSERT INTO Colleges (college_id, contest_id)
VALUES ('83363', '50325');
INSERT INTO Colleges (college_id, contest_id)
VALUES ('83653', '51060');
INSERT INTO Colleges (college_id, contest_id)
VALUES ('83866', '51060');
INSERT INTO Colleges (college_id, contest_id)
VALUES ('84090', '51109');
INSERT INTO Colleges (college_id, contest_id)
VALUES ('84522', '51109');
INSERT INTO Colleges (college_id, contest_id)
VALUES ('84530', '51109');
INSERT INTO Colleges (college_id, contest_id)
VALUES ('84552', '51122');
INSERT INTO Colleges (college_id, contest_id)
VALUES ('84907', '51122');
INSERT INTO Colleges (college_id, contest_id)
VALUES ('84957', '51240');
INSERT INTO Colleges (college_id, contest_id)
VALUES ('85378', '51240');
INSERT INTO Colleges (college_id, contest_id)
VALUES ('85425', '51240');
INSERT INTO Colleges (college_id, contest_id)
VALUES ('85453', '51240');
INSERT INTO Colleges (college_id, contest_id)
VALUES ('85523', '51303');
INSERT INTO Colleges (college_id, contest_id)
VALUES ('85645', '51303');
INSERT INTO Colleges (college_id, contest_id)
VALUES ('85650', '51303');
INSERT INTO Colleges (college_id, contest_id)
VALUES ('85675', '51303');
INSERT INTO Colleges (college_id, contest_id)
VALUES ('85725', '51691');
INSERT INTO Colleges (college_id, contest_id)
VALUES ('85880', '51691');
INSERT INTO Colleges (college_id, contest_id)
VALUES ('86083', '51691');
INSERT INTO Colleges (college_id, contest_id)
VALUES ('86587', '51691');
INSERT INTO Colleges (college_id, contest_id)
VALUES ('86834', '52364');
INSERT INTO Colleges (college_id, contest_id)
VALUES ('86839', '52364');
INSERT INTO Colleges (college_id, contest_id)
VALUES ('86961', '52816');
INSERT INTO Colleges (college_id, contest_id)
VALUES ('87183', '52816');
INSERT INTO Colleges (college_id, contest_id)
VALUES ('87805', '52834');
INSERT INTO Colleges (college_id, contest_id)
VALUES ('88098', '52834');
INSERT INTO Colleges (college_id, contest_id)
VALUES ('88495', '52834');
INSERT INTO Colleges (college_id, contest_id)
VALUES ('88649', '52834');
INSERT INTO Colleges (college_id, contest_id)
VALUES ('88968', '53656');
INSERT INTO Colleges (college_id, contest_id)
VALUES ('89116', '53656');
INSERT INTO Colleges (college_id, contest_id)
VALUES ('89159', '53656');
INSERT INTO Colleges (college_id, contest_id)
VALUES ('89208', '53656');
INSERT INTO Colleges (college_id, contest_id)
VALUES ('89265', '53712');
INSERT INTO Colleges (college_id, contest_id)
VALUES ('89893', '53712');
INSERT INTO Colleges (college_id, contest_id)
VALUES ('90248', '53712');
INSERT INTO Colleges (college_id, contest_id)
VALUES ('90281', '53712');
INSERT INTO Colleges (college_id, contest_id)
VALUES ('90407', '53712');
INSERT INTO Colleges (college_id, contest_id)
VALUES ('90821', '53723');
INSERT INTO Colleges (college_id, contest_id)
VALUES ('90837', '53723');
INSERT INTO Colleges (college_id, contest_id)
VALUES ('91060', '53723');
INSERT INTO Colleges (college_id, contest_id)
VALUES ('91187', '53723');
INSERT INTO Colleges (college_id, contest_id)
VALUES ('91446', '53723');
INSERT INTO Colleges (college_id, contest_id)
VALUES ('91616', '55044');
INSERT INTO Colleges (college_id, contest_id)
VALUES ('91729', '55044');
INSERT INTO Colleges (college_id, contest_id)
VALUES ('91980', '55044');
INSERT INTO Colleges (college_id, contest_id)
VALUES ('92470', '55044');
INSERT INTO Colleges (college_id, contest_id)
VALUES ('92538', '55780');
INSERT INTO Colleges (college_id, contest_id)
VALUES ('92769', '55780');
INSERT INTO Colleges (college_id, contest_id)
VALUES ('92783', '55780');
INSERT INTO Colleges (college_id, contest_id)
VALUES ('93238', '56222');
INSERT INTO Colleges (college_id, contest_id)
VALUES ('93280', '56222');
INSERT INTO Colleges (college_id, contest_id)
VALUES ('93493', '56222');
INSERT INTO Colleges (college_id, contest_id)
VALUES ('94243', '56222');
INSERT INTO Colleges (college_id, contest_id)
VALUES ('94278', '56222');
INSERT INTO Colleges (college_id, contest_id)
VALUES ('94287', '56484');
INSERT INTO Colleges (college_id, contest_id)
VALUES ('94411', '56484');
INSERT INTO Colleges (college_id, contest_id)
VALUES ('94772', '56484');
INSERT INTO Colleges (college_id, contest_id)
VALUES ('94855', '56484');
INSERT INTO Colleges (college_id, contest_id)
VALUES ('95101', '56585');
INSERT INTO Colleges (college_id, contest_id)
VALUES ('95205', '56585');
INSERT INTO Colleges (college_id, contest_id)
VALUES ('95379', '56585');
INSERT INTO Colleges (college_id, contest_id)
VALUES ('95435', '57803');
INSERT INTO Colleges (college_id, contest_id)
VALUES ('95466', '57803');
INSERT INTO Colleges (college_id, contest_id)
VALUES ('95524', '58140');
INSERT INTO Colleges (college_id, contest_id)
VALUES ('95684', '58140');
INSERT INTO Colleges (college_id, contest_id)
VALUES ('95741', '58140');
INSERT INTO Colleges (college_id, contest_id)
VALUES ('95898', '58799');
INSERT INTO Colleges (college_id, contest_id)
VALUES ('96567', '58799');
INSERT INTO Colleges (college_id, contest_id)
VALUES ('96824', '59168');
INSERT INTO Colleges (college_id, contest_id)
VALUES ('97039', '59168');
INSERT INTO Colleges (college_id, contest_id)
VALUES ('97358', '59866');
INSERT INTO Colleges (college_id, contest_id)
VALUES ('97637', '59866');
INSERT INTO Colleges (college_id, contest_id)
VALUES ('97744', '59895');
INSERT INTO Colleges (college_id, contest_id)
VALUES ('97932', '59895');
INSERT INTO Colleges (college_id, contest_id)
VALUES ('98137', '59895');
INSERT INTO Colleges (college_id, contest_id)
VALUES ('98150', '59895');
INSERT INTO Colleges (college_id, contest_id)
VALUES ('98165', '60053');
INSERT INTO Colleges (college_id, contest_id)
VALUES ('98639', '60053');
INSERT INTO Colleges (college_id, contest_id)
VALUES ('99327', '60734');
INSERT INTO Colleges (college_id, contest_id)
VALUES ('99328', '60734');
INSERT INTO Colleges (college_id, contest_id)
VALUES ('99399', '60734');
INSERT INTO Colleges (college_id, contest_id)
VALUES ('99562', '60734');
INSERT INTO Colleges (college_id, contest_id)
VALUES ('99694', '60746');


-- Challenges
DROP TABLE Challenges;

CREATE TABLE Challenges (
	challenge_id INT,
	college_id INT
);

INSERT INTO Challenges (challenge_id, college_id)
VALUES ('97', '96');
INSERT INTO Challenges (challenge_id, college_id)
VALUES ('145', '96');
INSERT INTO Challenges (challenge_id, college_id)
VALUES ('276', '96');
INSERT INTO Challenges (challenge_id, college_id)
VALUES ('345', '96');
INSERT INTO Challenges (challenge_id, college_id)
VALUES ('492', '96');
INSERT INTO Challenges (challenge_id, college_id)
VALUES ('558', '96');
INSERT INTO Challenges (challenge_id, college_id)
VALUES ('773', '96');
INSERT INTO Challenges (challenge_id, college_id)
VALUES ('791', '96');
INSERT INTO Challenges (challenge_id, college_id)
VALUES ('829', '96');
INSERT INTO Challenges (challenge_id, college_id)
VALUES ('868', '96');
INSERT INTO Challenges (challenge_id, college_id)
VALUES ('1003', '191');
INSERT INTO Challenges (challenge_id, college_id)
VALUES ('1183', '191');
INSERT INTO Challenges (challenge_id, college_id)
VALUES ('1322', '191');
INSERT INTO Challenges (challenge_id, college_id)
VALUES ('1387', '191');
INSERT INTO Challenges (challenge_id, college_id)
VALUES ('1483', '191');
INSERT INTO Challenges (challenge_id, college_id)
VALUES ('1526', '191');
INSERT INTO Challenges (challenge_id, college_id)
VALUES ('1681', '191');
INSERT INTO Challenges (challenge_id, college_id)
VALUES ('1712', '191');
INSERT INTO Challenges (challenge_id, college_id)
VALUES ('1827', '191');
INSERT INTO Challenges (challenge_id, college_id)
VALUES ('1979', '191');
INSERT INTO Challenges (challenge_id, college_id)
VALUES ('1985', '326');
INSERT INTO Challenges (challenge_id, college_id)
VALUES ('1989', '326');
INSERT INTO Challenges (challenge_id, college_id)
VALUES ('2148', '326');
INSERT INTO Challenges (challenge_id, college_id)
VALUES ('2189', '326');
INSERT INTO Challenges (challenge_id, college_id)
VALUES ('2385', '326');
INSERT INTO Challenges (challenge_id, college_id)
VALUES ('2438', '326');
INSERT INTO Challenges (challenge_id, college_id)
VALUES ('2550', '326');
INSERT INTO Challenges (challenge_id, college_id)
VALUES ('2682', '473');
INSERT INTO Challenges (challenge_id, college_id)
VALUES ('2741', '473');
INSERT INTO Challenges (challenge_id, college_id)
VALUES ('2775', '473');
INSERT INTO Challenges (challenge_id, college_id)
VALUES ('2924', '750');
INSERT INTO Challenges (challenge_id, college_id)
VALUES ('3001', '750');
INSERT INTO Challenges (challenge_id, college_id)
VALUES ('3019', '750');
INSERT INTO Challenges (challenge_id, college_id)
VALUES ('3029', '884');
INSERT INTO Challenges (challenge_id, college_id)
VALUES ('3062', '884');
INSERT INTO Challenges (challenge_id, college_id)
VALUES ('3089', '884');
INSERT INTO Challenges (challenge_id, college_id)
VALUES ('3198', '884');
INSERT INTO Challenges (challenge_id, college_id)
VALUES ('3257', '884');
INSERT INTO Challenges (challenge_id, college_id)
VALUES ('3260', '884');
INSERT INTO Challenges (challenge_id, college_id)
VALUES ('3294', '884');
INSERT INTO Challenges (challenge_id, college_id)
VALUES ('3367', '958');
INSERT INTO Challenges (challenge_id, college_id)
VALUES ('3423', '958');
INSERT INTO Challenges (challenge_id, college_id)
VALUES ('3625', '958');
INSERT INTO Challenges (challenge_id, college_id)
VALUES ('3784', '958');
INSERT INTO Challenges (challenge_id, college_id)
VALUES ('4159', '958');
INSERT INTO Challenges (challenge_id, college_id)
VALUES ('4226', '958');
INSERT INTO Challenges (challenge_id, college_id)
VALUES ('4247', '958');
INSERT INTO Challenges (challenge_id, college_id)
VALUES ('4266', '984');
INSERT INTO Challenges (challenge_id, college_id)
VALUES ('4308', '984');
INSERT INTO Challenges (challenge_id, college_id)
VALUES ('4393', '984');
INSERT INTO Challenges (challenge_id, college_id)
VALUES ('4449', '984');
INSERT INTO Challenges (challenge_id, college_id)
VALUES ('4538', '984');
INSERT INTO Challenges (challenge_id, college_id)
VALUES ('4698', '984');
INSERT INTO Challenges (challenge_id, college_id)
VALUES ('4750', '1055');
INSERT INTO Challenges (challenge_id, college_id)
VALUES ('4768', '1055');
INSERT INTO Challenges (challenge_id, college_id)
VALUES ('4850', '1055');
INSERT INTO Challenges (challenge_id, college_id)
VALUES ('4866', '1055');
INSERT INTO Challenges (challenge_id, college_id)
VALUES ('4919', '1055');
INSERT INTO Challenges (challenge_id, college_id)
VALUES ('5069', '1055');
INSERT INTO Challenges (challenge_id, college_id)
VALUES ('5158', '1055');
INSERT INTO Challenges (challenge_id, college_id)
VALUES ('5638', '1055');
INSERT INTO Challenges (challenge_id, college_id)
VALUES ('5652', '1076');
INSERT INTO Challenges (challenge_id, college_id)
VALUES ('5737', '1076');
INSERT INTO Challenges (challenge_id, college_id)
VALUES ('5767', '1076');
INSERT INTO Challenges (challenge_id, college_id)
VALUES ('5880', '1076');
INSERT INTO Challenges (challenge_id, college_id)
VALUES ('6089', '1076');
INSERT INTO Challenges (challenge_id, college_id)
VALUES ('6095', '1076');
INSERT INTO Challenges (challenge_id, college_id)
VALUES ('6304', '1076');
INSERT INTO Challenges (challenge_id, college_id)
VALUES ('6377', '2062');
INSERT INTO Challenges (challenge_id, college_id)
VALUES ('6384', '2062');
INSERT INTO Challenges (challenge_id, college_id)
VALUES ('6561', '2062');
INSERT INTO Challenges (challenge_id, college_id)
VALUES ('6708', '2062');
INSERT INTO Challenges (challenge_id, college_id)
VALUES ('6744', '2062');
INSERT INTO Challenges (challenge_id, college_id)
VALUES ('6921', '2062');
INSERT INTO Challenges (challenge_id, college_id)
VALUES ('6998', '2062');
INSERT INTO Challenges (challenge_id, college_id)
VALUES ('7060', '2062');
INSERT INTO Challenges (challenge_id, college_id)
VALUES ('7289', '2073');
INSERT INTO Challenges (challenge_id, college_id)
VALUES ('7346', '2073');
INSERT INTO Challenges (challenge_id, college_id)
VALUES ('7417', '2073');
INSERT INTO Challenges (challenge_id, college_id)
VALUES ('7418', '2185');
INSERT INTO Challenges (challenge_id, college_id)
VALUES ('7472', '2185');
INSERT INTO Challenges (challenge_id, college_id)
VALUES ('7551', '2185');
INSERT INTO Challenges (challenge_id, college_id)
VALUES ('7583', '2185');
INSERT INTO Challenges (challenge_id, college_id)
VALUES ('7735', '2185');
INSERT INTO Challenges (challenge_id, college_id)
VALUES ('7803', '2185');
INSERT INTO Challenges (challenge_id, college_id)
VALUES ('7804', '2185');
INSERT INTO Challenges (challenge_id, college_id)
VALUES ('7848', '2185');
INSERT INTO Challenges (challenge_id, college_id)
VALUES ('7962', '2185');
INSERT INTO Challenges (challenge_id, college_id)
VALUES ('8045', '2185');
INSERT INTO Challenges (challenge_id, college_id)
VALUES ('8065', '2202');
INSERT INTO Challenges (challenge_id, college_id)
VALUES ('8162', '2202');
INSERT INTO Challenges (challenge_id, college_id)
VALUES ('8169', '2202');
INSERT INTO Challenges (challenge_id, college_id)
VALUES ('8246', '2202');
INSERT INTO Challenges (challenge_id, college_id)
VALUES ('8347', '2202');
INSERT INTO Challenges (challenge_id, college_id)
VALUES ('8386', '2202');
INSERT INTO Challenges (challenge_id, college_id)
VALUES ('8506', '2202');
INSERT INTO Challenges (challenge_id, college_id)
VALUES ('8595', '2202');
INSERT INTO Challenges (challenge_id, college_id)
VALUES ('8668', '2202');
INSERT INTO Challenges (challenge_id, college_id)
VALUES ('8680', '2202');
INSERT INTO Challenges (challenge_id, college_id)
VALUES ('8870', '2220');
INSERT INTO Challenges (challenge_id, college_id)
VALUES ('8897', '2220');
INSERT INTO Challenges (challenge_id, college_id)
VALUES ('8902', '2220');
INSERT INTO Challenges (challenge_id, college_id)
VALUES ('9361', '2220');
INSERT INTO Challenges (challenge_id, college_id)
VALUES ('9442', '2220');
INSERT INTO Challenges (challenge_id, college_id)
VALUES ('9465', '2220');
INSERT INTO Challenges (challenge_id, college_id)
VALUES ('9524', '2220');
INSERT INTO Challenges (challenge_id, college_id)
VALUES ('9761', '2422');
INSERT INTO Challenges (challenge_id, college_id)
VALUES ('9899', '2422');
INSERT INTO Challenges (challenge_id, college_id)
VALUES ('10053', '2422');
INSERT INTO Challenges (challenge_id, college_id)
VALUES ('10099', '2422');
INSERT INTO Challenges (challenge_id, college_id)
VALUES ('10258', '2422');
INSERT INTO Challenges (challenge_id, college_id)
VALUES ('10513', '2422');
INSERT INTO Challenges (challenge_id, college_id)
VALUES ('10611', '2422');
INSERT INTO Challenges (challenge_id, college_id)
VALUES ('10718', '2422');
INSERT INTO Challenges (challenge_id, college_id)
VALUES ('10779', '2684');
INSERT INTO Challenges (challenge_id, college_id)
VALUES ('10792', '2684');
INSERT INTO Challenges (challenge_id, college_id)
VALUES ('10853', '2684');
INSERT INTO Challenges (challenge_id, college_id)
VALUES ('10865', '2684');
INSERT INTO Challenges (challenge_id, college_id)
VALUES ('10888', '2684');
INSERT INTO Challenges (challenge_id, college_id)
VALUES ('11023', '2684');
INSERT INTO Challenges (challenge_id, college_id)
VALUES ('11188', '2720');
INSERT INTO Challenges (challenge_id, college_id)
VALUES ('11338', '2720');
INSERT INTO Challenges (challenge_id, college_id)
VALUES ('11411', '2720');
INSERT INTO Challenges (challenge_id, college_id)
VALUES ('11646', '2720');
INSERT INTO Challenges (challenge_id, college_id)
VALUES ('11824', '2720');
INSERT INTO Challenges (challenge_id, college_id)
VALUES ('11859', '2734');
INSERT INTO Challenges (challenge_id, college_id)
VALUES ('11914', '2734');
INSERT INTO Challenges (challenge_id, college_id)
VALUES ('11957', '2734');
INSERT INTO Challenges (challenge_id, college_id)
VALUES ('12107', '2734');
INSERT INTO Challenges (challenge_id, college_id)
VALUES ('12421', '2816');
INSERT INTO Challenges (challenge_id, college_id)
VALUES ('12559', '2816');
INSERT INTO Challenges (challenge_id, college_id)
VALUES ('12575', '2816');
INSERT INTO Challenges (challenge_id, college_id)
VALUES ('12705', '2816');
INSERT INTO Challenges (challenge_id, college_id)
VALUES ('12906', '2816');
INSERT INTO Challenges (challenge_id, college_id)
VALUES ('12974', '2816');
INSERT INTO Challenges (challenge_id, college_id)
VALUES ('13164', '2816');
INSERT INTO Challenges (challenge_id, college_id)
VALUES ('13211', '2816');
INSERT INTO Challenges (challenge_id, college_id)
VALUES ('13337', '2950');
INSERT INTO Challenges (challenge_id, college_id)
VALUES ('13356', '2950');
INSERT INTO Challenges (challenge_id, college_id)
VALUES ('13535', '2950');
INSERT INTO Challenges (challenge_id, college_id)
VALUES ('13574', '3042');
INSERT INTO Challenges (challenge_id, college_id)
VALUES ('13592', '3042');
INSERT INTO Challenges (challenge_id, college_id)
VALUES ('13640', '3042');
INSERT INTO Challenges (challenge_id, college_id)
VALUES ('13744', '3042');
INSERT INTO Challenges (challenge_id, college_id)
VALUES ('13951', '3042');
INSERT INTO Challenges (challenge_id, college_id)
VALUES ('13958', '3042');
INSERT INTO Challenges (challenge_id, college_id)
VALUES ('14144', '3042');
INSERT INTO Challenges (challenge_id, college_id)
VALUES ('14292', '3042');
INSERT INTO Challenges (challenge_id, college_id)
VALUES ('14308', '3154');
INSERT INTO Challenges (challenge_id, college_id)
VALUES ('14724', '3154');
INSERT INTO Challenges (challenge_id, college_id)
VALUES ('14950', '3154');
INSERT INTO Challenges (challenge_id, college_id)
VALUES ('15029', '3265');
INSERT INTO Challenges (challenge_id, college_id)
VALUES ('15035', '3265');
INSERT INTO Challenges (challenge_id, college_id)
VALUES ('15152', '3265');
INSERT INTO Challenges (challenge_id, college_id)
VALUES ('15197', '3325');
INSERT INTO Challenges (challenge_id, college_id)
VALUES ('15366', '3325');
INSERT INTO Challenges (challenge_id, college_id)
VALUES ('15447', '3325');
INSERT INTO Challenges (challenge_id, college_id)
VALUES ('15521', '3325');
INSERT INTO Challenges (challenge_id, college_id)
VALUES ('15564', '3325');
INSERT INTO Challenges (challenge_id, college_id)
VALUES ('15709', '3325');
INSERT INTO Challenges (challenge_id, college_id)
VALUES ('15779', '3597');
INSERT INTO Challenges (challenge_id, college_id)
VALUES ('15869', '3597');
INSERT INTO Challenges (challenge_id, college_id)
VALUES ('15965', '3597');
INSERT INTO Challenges (challenge_id, college_id)
VALUES ('16348', '3925');
INSERT INTO Challenges (challenge_id, college_id)
VALUES ('16515', '3925');
INSERT INTO Challenges (challenge_id, college_id)
VALUES ('16579', '3925');
INSERT INTO Challenges (challenge_id, college_id)
VALUES ('16861', '4018');
INSERT INTO Challenges (challenge_id, college_id)
VALUES ('16877', '4018');
INSERT INTO Challenges (challenge_id, college_id)
VALUES ('16881', '4018');
INSERT INTO Challenges (challenge_id, college_id)
VALUES ('16912', '4246');
INSERT INTO Challenges (challenge_id, college_id)
VALUES ('16922', '4246');
INSERT INTO Challenges (challenge_id, college_id)
VALUES ('17015', '4246');
INSERT INTO Challenges (challenge_id, college_id)
VALUES ('17066', '4246');
INSERT INTO Challenges (challenge_id, college_id)
VALUES ('17134', '4246');
INSERT INTO Challenges (challenge_id, college_id)
VALUES ('17394', '4246');
INSERT INTO Challenges (challenge_id, college_id)
VALUES ('17572', '4246');
INSERT INTO Challenges (challenge_id, college_id)
VALUES ('17579', '4246');
INSERT INTO Challenges (challenge_id, college_id)
VALUES ('17596', '4445');
INSERT INTO Challenges (challenge_id, college_id)
VALUES ('17603', '4445');
INSERT INTO Challenges (challenge_id, college_id)
VALUES ('18064', '4445');
INSERT INTO Challenges (challenge_id, college_id)
VALUES ('18205', '4445');
INSERT INTO Challenges (challenge_id, college_id)
VALUES ('18207', '4445');
INSERT INTO Challenges (challenge_id, college_id)
VALUES ('18291', '4445');
INSERT INTO Challenges (challenge_id, college_id)
VALUES ('18307', '4543');
INSERT INTO Challenges (challenge_id, college_id)
VALUES ('18354', '4543');
INSERT INTO Challenges (challenge_id, college_id)
VALUES ('18544', '4543');
INSERT INTO Challenges (challenge_id, college_id)
VALUES ('18633', '4543');
INSERT INTO Challenges (challenge_id, college_id)
VALUES ('18636', '4543');
INSERT INTO Challenges (challenge_id, college_id)
VALUES ('18655', '4543');
INSERT INTO Challenges (challenge_id, college_id)
VALUES ('18750', '4543');
INSERT INTO Challenges (challenge_id, college_id)
VALUES ('18823', '4543');
INSERT INTO Challenges (challenge_id, college_id)
VALUES ('18853', '4543');
INSERT INTO Challenges (challenge_id, college_id)
VALUES ('18879', '4623');
INSERT INTO Challenges (challenge_id, college_id)
VALUES ('18931', '4623');
INSERT INTO Challenges (challenge_id, college_id)
VALUES ('18956', '4623');
INSERT INTO Challenges (challenge_id, college_id)
VALUES ('19001', '4623');
INSERT INTO Challenges (challenge_id, college_id)
VALUES ('19170', '4623');
INSERT INTO Challenges (challenge_id, college_id)
VALUES ('19177', '4629');
INSERT INTO Challenges (challenge_id, college_id)
VALUES ('19436', '4629');
INSERT INTO Challenges (challenge_id, college_id)
VALUES ('19481', '4629');
INSERT INTO Challenges (challenge_id, college_id)
VALUES ('19587', '4629');
INSERT INTO Challenges (challenge_id, college_id)
VALUES ('19683', '4629');
INSERT INTO Challenges (challenge_id, college_id)
VALUES ('20042', '4629');
INSERT INTO Challenges (challenge_id, college_id)
VALUES ('20068', '4957');
INSERT INTO Challenges (challenge_id, college_id)
VALUES ('20146', '4957');
INSERT INTO Challenges (challenge_id, college_id)
VALUES ('20220', '4957');
INSERT INTO Challenges (challenge_id, college_id)
VALUES ('20502', '4957');
INSERT INTO Challenges (challenge_id, college_id)
VALUES ('20790', '4957');
INSERT INTO Challenges (challenge_id, college_id)
VALUES ('20828', '4957');
INSERT INTO Challenges (challenge_id, college_id)
VALUES ('20881', '4957');
INSERT INTO Challenges (challenge_id, college_id)
VALUES ('21048', '5112');
INSERT INTO Challenges (challenge_id, college_id)
VALUES ('21265', '5112');
INSERT INTO Challenges (challenge_id, college_id)
VALUES ('21284', '5112');
INSERT INTO Challenges (challenge_id, college_id)
VALUES ('21326', '5112');
INSERT INTO Challenges (challenge_id, college_id)
VALUES ('21374', '5112');
INSERT INTO Challenges (challenge_id, college_id)
VALUES ('21612', '5112');
INSERT INTO Challenges (challenge_id, college_id)
VALUES ('21716', '5112');
INSERT INTO Challenges (challenge_id, college_id)
VALUES ('21772', '5112');
INSERT INTO Challenges (challenge_id, college_id)
VALUES ('21884', '5112');
INSERT INTO Challenges (challenge_id, college_id)
VALUES ('22351', '5305');
INSERT INTO Challenges (challenge_id, college_id)
VALUES ('22553', '5305');
INSERT INTO Challenges (challenge_id, college_id)
VALUES ('22652', '5305');
INSERT INTO Challenges (challenge_id, college_id)
VALUES ('22780', '5305');
INSERT INTO Challenges (challenge_id, college_id)
VALUES ('22938', '5305');
INSERT INTO Challenges (challenge_id, college_id)
VALUES ('23080', '5305');
INSERT INTO Challenges (challenge_id, college_id)
VALUES ('23110', '5305');
INSERT INTO Challenges (challenge_id, college_id)
VALUES ('23119', '5473');
INSERT INTO Challenges (challenge_id, college_id)
VALUES ('23434', '5473');
INSERT INTO Challenges (challenge_id, college_id)
VALUES ('23662', '5473');
INSERT INTO Challenges (challenge_id, college_id)
VALUES ('23826', '5473');
INSERT INTO Challenges (challenge_id, college_id)
VALUES ('23864', '5473');
INSERT INTO Challenges (challenge_id, college_id)
VALUES ('23898', '5473');
INSERT INTO Challenges (challenge_id, college_id)
VALUES ('23908', '5473');
INSERT INTO Challenges (challenge_id, college_id)
VALUES ('24078', '5473');
INSERT INTO Challenges (challenge_id, college_id)
VALUES ('24325', '5473');
INSERT INTO Challenges (challenge_id, college_id)
VALUES ('24360', '5473');
INSERT INTO Challenges (challenge_id, college_id)
VALUES ('24490', '5592');
INSERT INTO Challenges (challenge_id, college_id)
VALUES ('24633', '5592');
INSERT INTO Challenges (challenge_id, college_id)
VALUES ('24724', '5592');
INSERT INTO Challenges (challenge_id, college_id)
VALUES ('24750', '5592');
INSERT INTO Challenges (challenge_id, college_id)
VALUES ('24989', '5592');
INSERT INTO Challenges (challenge_id, college_id)
VALUES ('25505', '5592');
INSERT INTO Challenges (challenge_id, college_id)
VALUES ('25531', '5592');
INSERT INTO Challenges (challenge_id, college_id)
VALUES ('25540', '5717');
INSERT INTO Challenges (challenge_id, college_id)
VALUES ('25597', '5717');
INSERT INTO Challenges (challenge_id, college_id)
VALUES ('25740', '5717');
INSERT INTO Challenges (challenge_id, college_id)
VALUES ('26060', '5717');
INSERT INTO Challenges (challenge_id, college_id)
VALUES ('26345', '5717');
INSERT INTO Challenges (challenge_id, college_id)
VALUES ('26364', '5717');
INSERT INTO Challenges (challenge_id, college_id)
VALUES ('26512', '5782');
INSERT INTO Challenges (challenge_id, college_id)
VALUES ('26580', '5782');
INSERT INTO Challenges (challenge_id, college_id)
VALUES ('26599', '5782');
INSERT INTO Challenges (challenge_id, college_id)
VALUES ('26992', '5782');
INSERT INTO Challenges (challenge_id, college_id)
VALUES ('27056', '5930');
INSERT INTO Challenges (challenge_id, college_id)
VALUES ('27096', '5930');
INSERT INTO Challenges (challenge_id, college_id)
VALUES ('27261', '5930');
INSERT INTO Challenges (challenge_id, college_id)
VALUES ('27280', '5930');
INSERT INTO Challenges (challenge_id, college_id)
VALUES ('27333', '5930');
INSERT INTO Challenges (challenge_id, college_id)
VALUES ('27339', '5930');
INSERT INTO Challenges (challenge_id, college_id)
VALUES ('27343', '6088');
INSERT INTO Challenges (challenge_id, college_id)
VALUES ('27414', '6088');
INSERT INTO Challenges (challenge_id, college_id)
VALUES ('27502', '6088');
INSERT INTO Challenges (challenge_id, college_id)
VALUES ('27563', '6088');
INSERT INTO Challenges (challenge_id, college_id)
VALUES ('27643', '6088');
INSERT INTO Challenges (challenge_id, college_id)
VALUES ('27881', '6088');
INSERT INTO Challenges (challenge_id, college_id)
VALUES ('27891', '6088');
INSERT INTO Challenges (challenge_id, college_id)
VALUES ('27927', '6341');
INSERT INTO Challenges (challenge_id, college_id)
VALUES ('27940', '6341');
INSERT INTO Challenges (challenge_id, college_id)
VALUES ('28065', '6341');
INSERT INTO Challenges (challenge_id, college_id)
VALUES ('28067', '6341');
INSERT INTO Challenges (challenge_id, college_id)
VALUES ('28324', '6343');
INSERT INTO Challenges (challenge_id, college_id)
VALUES ('28404', '6343');
INSERT INTO Challenges (challenge_id, college_id)
VALUES ('28475', '6343');
INSERT INTO Challenges (challenge_id, college_id)
VALUES ('28620', '6343');
INSERT INTO Challenges (challenge_id, college_id)
VALUES ('28859', '6343');
INSERT INTO Challenges (challenge_id, college_id)
VALUES ('28985', '7124');
INSERT INTO Challenges (challenge_id, college_id)
VALUES ('29013', '7124');
INSERT INTO Challenges (challenge_id, college_id)
VALUES ('29037', '7124');
INSERT INTO Challenges (challenge_id, college_id)
VALUES ('29166', '7124');
INSERT INTO Challenges (challenge_id, college_id)
VALUES ('29226', '7124');
INSERT INTO Challenges (challenge_id, college_id)
VALUES ('29332', '7124');
INSERT INTO Challenges (challenge_id, college_id)
VALUES ('29375', '7124');
INSERT INTO Challenges (challenge_id, college_id)
VALUES ('29394', '7419');
INSERT INTO Challenges (challenge_id, college_id)
VALUES ('29694', '7419');
INSERT INTO Challenges (challenge_id, college_id)
VALUES ('29827', '7419');
INSERT INTO Challenges (challenge_id, college_id)
VALUES ('30096', '7419');
INSERT INTO Challenges (challenge_id, college_id)
VALUES ('30164', '7419');
INSERT INTO Challenges (challenge_id, college_id)
VALUES ('30465', '7419');
INSERT INTO Challenges (challenge_id, college_id)
VALUES ('30486', '7432');
INSERT INTO Challenges (challenge_id, college_id)
VALUES ('30899', '7432');
INSERT INTO Challenges (challenge_id, college_id)
VALUES ('31004', '7432');
INSERT INTO Challenges (challenge_id, college_id)
VALUES ('31068', '7651');
INSERT INTO Challenges (challenge_id, college_id)
VALUES ('31347', '7651');
INSERT INTO Challenges (challenge_id, college_id)
VALUES ('31388', '7651');
INSERT INTO Challenges (challenge_id, college_id)
VALUES ('31399', '7651');
INSERT INTO Challenges (challenge_id, college_id)
VALUES ('31456', '7651');
INSERT INTO Challenges (challenge_id, college_id)
VALUES ('31480', '7651');
INSERT INTO Challenges (challenge_id, college_id)
VALUES ('31483', '7651');
INSERT INTO Challenges (challenge_id, college_id)
VALUES ('31587', '7651');
INSERT INTO Challenges (challenge_id, college_id)
VALUES ('31807', '7865');
INSERT INTO Challenges (challenge_id, college_id)
VALUES ('31866', '7865');
INSERT INTO Challenges (challenge_id, college_id)
VALUES ('31900', '7865');
INSERT INTO Challenges (challenge_id, college_id)
VALUES ('31923', '7865');
INSERT INTO Challenges (challenge_id, college_id)
VALUES ('32127', '7865');
INSERT INTO Challenges (challenge_id, college_id)
VALUES ('32155', '7865');
INSERT INTO Challenges (challenge_id, college_id)
VALUES ('32173', '7910');
INSERT INTO Challenges (challenge_id, college_id)
VALUES ('32235', '7910');
INSERT INTO Challenges (challenge_id, college_id)
VALUES ('32322', '7910');
INSERT INTO Challenges (challenge_id, college_id)
VALUES ('32651', '7910');
INSERT INTO Challenges (challenge_id, college_id)
VALUES ('32674', '7910');
INSERT INTO Challenges (challenge_id, college_id)
VALUES ('32681', '7965');
INSERT INTO Challenges (challenge_id, college_id)
VALUES ('32875', '7965');
INSERT INTO Challenges (challenge_id, college_id)
VALUES ('32989', '7965');
INSERT INTO Challenges (challenge_id, college_id)
VALUES ('33090', '7965');
INSERT INTO Challenges (challenge_id, college_id)
VALUES ('33214', '7965');
INSERT INTO Challenges (challenge_id, college_id)
VALUES ('33221', '7965');
INSERT INTO Challenges (challenge_id, college_id)
VALUES ('33285', '7965');
INSERT INTO Challenges (challenge_id, college_id)
VALUES ('33674', '7965');
INSERT INTO Challenges (challenge_id, college_id)
VALUES ('33696', '7965');
INSERT INTO Challenges (challenge_id, college_id)
VALUES ('33700', '7965');
INSERT INTO Challenges (challenge_id, college_id)
VALUES ('33811', '8433');
INSERT INTO Challenges (challenge_id, college_id)
VALUES ('33996', '8433');
INSERT INTO Challenges (challenge_id, college_id)
VALUES ('34139', '8433');
INSERT INTO Challenges (challenge_id, college_id)
VALUES ('34269', '8433');
INSERT INTO Challenges (challenge_id, college_id)
VALUES ('34333', '8433');
INSERT INTO Challenges (challenge_id, college_id)
VALUES ('34336', '8433');
INSERT INTO Challenges (challenge_id, college_id)
VALUES ('34516', '8433');
INSERT INTO Challenges (challenge_id, college_id)
VALUES ('34584', '8884');
INSERT INTO Challenges (challenge_id, college_id)
VALUES ('34718', '8884');
INSERT INTO Challenges (challenge_id, college_id)
VALUES ('34879', '8884');
INSERT INTO Challenges (challenge_id, college_id)
VALUES ('34960', '8884');
INSERT INTO Challenges (challenge_id, college_id)
VALUES ('35022', '9053');
INSERT INTO Challenges (challenge_id, college_id)
VALUES ('35051', '9053');
INSERT INTO Challenges (challenge_id, college_id)
VALUES ('35079', '9053');
INSERT INTO Challenges (challenge_id, college_id)
VALUES ('35081', '9053');
INSERT INTO Challenges (challenge_id, college_id)
VALUES ('35608', '9053');
INSERT INTO Challenges (challenge_id, college_id)
VALUES ('35776', '9053');
INSERT INTO Challenges (challenge_id, college_id)
VALUES ('35946', '9053');
INSERT INTO Challenges (challenge_id, college_id)
VALUES ('35961', '9053');
INSERT INTO Challenges (challenge_id, college_id)
VALUES ('35982', '9053');
INSERT INTO Challenges (challenge_id, college_id)
VALUES ('36056', '9359');
INSERT INTO Challenges (challenge_id, college_id)
VALUES ('36159', '9359');
INSERT INTO Challenges (challenge_id, college_id)
VALUES ('36193', '9359');
INSERT INTO Challenges (challenge_id, college_id)
VALUES ('36244', '9359');
INSERT INTO Challenges (challenge_id, college_id)
VALUES ('36283', '9359');
INSERT INTO Challenges (challenge_id, college_id)
VALUES ('36381', '9359');
INSERT INTO Challenges (challenge_id, college_id)
VALUES ('36382', '9359');
INSERT INTO Challenges (challenge_id, college_id)
VALUES ('36503', '9672');
INSERT INTO Challenges (challenge_id, college_id)
VALUES ('36548', '9672');
INSERT INTO Challenges (challenge_id, college_id)
VALUES ('36584', '9672');
INSERT INTO Challenges (challenge_id, college_id)
VALUES ('36891', '9672');
INSERT INTO Challenges (challenge_id, college_id)
VALUES ('36992', '9672');
INSERT INTO Challenges (challenge_id, college_id)
VALUES ('37211', '9701');
INSERT INTO Challenges (challenge_id, college_id)
VALUES ('37260', '9701');
INSERT INTO Challenges (challenge_id, college_id)
VALUES ('37268', '9701');
INSERT INTO Challenges (challenge_id, college_id)
VALUES ('37332', '9701');
INSERT INTO Challenges (challenge_id, college_id)
VALUES ('37349', '9701');
INSERT INTO Challenges (challenge_id, college_id)
VALUES ('37426', '9701');
INSERT INTO Challenges (challenge_id, college_id)
VALUES ('37458', '9701');
INSERT INTO Challenges (challenge_id, college_id)
VALUES ('37485', '9701');
INSERT INTO Challenges (challenge_id, college_id)
VALUES ('37498', '9701');
INSERT INTO Challenges (challenge_id, college_id)
VALUES ('37509', '10142');
INSERT INTO Challenges (challenge_id, college_id)
VALUES ('37542', '10142');
INSERT INTO Challenges (challenge_id, college_id)
VALUES ('37606', '10142');
INSERT INTO Challenges (challenge_id, college_id)
VALUES ('37629', '10142');
INSERT INTO Challenges (challenge_id, college_id)
VALUES ('37702', '10142');
INSERT INTO Challenges (challenge_id, college_id)
VALUES ('38037', '10174');
INSERT INTO Challenges (challenge_id, college_id)
VALUES ('38045', '10174');
INSERT INTO Challenges (challenge_id, college_id)
VALUES ('38430', '10174');
INSERT INTO Challenges (challenge_id, college_id)
VALUES ('38454', '10527');
INSERT INTO Challenges (challenge_id, college_id)
VALUES ('38558', '10527');
INSERT INTO Challenges (challenge_id, college_id)
VALUES ('38691', '10527');
INSERT INTO Challenges (challenge_id, college_id)
VALUES ('38877', '10527');
INSERT INTO Challenges (challenge_id, college_id)
VALUES ('38908', '11467');
INSERT INTO Challenges (challenge_id, college_id)
VALUES ('38945', '11467');
INSERT INTO Challenges (challenge_id, college_id)
VALUES ('38969', '11467');
INSERT INTO Challenges (challenge_id, college_id)
VALUES ('39015', '11467');
INSERT INTO Challenges (challenge_id, college_id)
VALUES ('39151', '11467');
INSERT INTO Challenges (challenge_id, college_id)
VALUES ('39181', '11467');
INSERT INTO Challenges (challenge_id, college_id)
VALUES ('39304', '11467');
INSERT INTO Challenges (challenge_id, college_id)
VALUES ('39345', '11732');
INSERT INTO Challenges (challenge_id, college_id)
VALUES ('39388', '11732');
INSERT INTO Challenges (challenge_id, college_id)
VALUES ('39888', '11732');
INSERT INTO Challenges (challenge_id, college_id)
VALUES ('40130', '11732');
INSERT INTO Challenges (challenge_id, college_id)
VALUES ('40387', '11732');
INSERT INTO Challenges (challenge_id, college_id)
VALUES ('40415', '11732');
INSERT INTO Challenges (challenge_id, college_id)
VALUES ('40508', '11732');
INSERT INTO Challenges (challenge_id, college_id)
VALUES ('40747', '11761');
INSERT INTO Challenges (challenge_id, college_id)
VALUES ('41101', '11761');
INSERT INTO Challenges (challenge_id, college_id)
VALUES ('41261', '11761');
INSERT INTO Challenges (challenge_id, college_id)
VALUES ('41268', '11761');
INSERT INTO Challenges (challenge_id, college_id)
VALUES ('41278', '11863');
INSERT INTO Challenges (challenge_id, college_id)
VALUES ('41347', '11863');
INSERT INTO Challenges (challenge_id, college_id)
VALUES ('41352', '11863');
INSERT INTO Challenges (challenge_id, college_id)
VALUES ('41508', '11863');
INSERT INTO Challenges (challenge_id, college_id)
VALUES ('41547', '11863');
INSERT INTO Challenges (challenge_id, college_id)
VALUES ('41714', '11903');
INSERT INTO Challenges (challenge_id, college_id)
VALUES ('41815', '11903');
INSERT INTO Challenges (challenge_id, college_id)
VALUES ('41871', '11903');
INSERT INTO Challenges (challenge_id, college_id)
VALUES ('41956', '11903');
INSERT INTO Challenges (challenge_id, college_id)
VALUES ('42002', '11903');
INSERT INTO Challenges (challenge_id, college_id)
VALUES ('42067', '11903');
INSERT INTO Challenges (challenge_id, college_id)
VALUES ('42087', '11903');
INSERT INTO Challenges (challenge_id, college_id)
VALUES ('42156', '11903');
INSERT INTO Challenges (challenge_id, college_id)
VALUES ('42365', '11903');
INSERT INTO Challenges (challenge_id, college_id)
VALUES ('42370', '11903');
INSERT INTO Challenges (challenge_id, college_id)
VALUES ('42387', '11942');
INSERT INTO Challenges (challenge_id, college_id)
VALUES ('42445', '11942');
INSERT INTO Challenges (challenge_id, college_id)
VALUES ('42478', '11942');
INSERT INTO Challenges (challenge_id, college_id)
VALUES ('42538', '11942');
INSERT INTO Challenges (challenge_id, college_id)
VALUES ('42577', '11942');
INSERT INTO Challenges (challenge_id, college_id)
VALUES ('42649', '11942');
INSERT INTO Challenges (challenge_id, college_id)
VALUES ('42773', '11942');
INSERT INTO Challenges (challenge_id, college_id)
VALUES ('42877', '11942');
INSERT INTO Challenges (challenge_id, college_id)
VALUES ('43013', '11942');
INSERT INTO Challenges (challenge_id, college_id)
VALUES ('43071', '12132');
INSERT INTO Challenges (challenge_id, college_id)
VALUES ('43196', '12132');
INSERT INTO Challenges (challenge_id, college_id)
VALUES ('43201', '12132');
INSERT INTO Challenges (challenge_id, college_id)
VALUES ('43220', '12132');
INSERT INTO Challenges (challenge_id, college_id)
VALUES ('43389', '12132');
INSERT INTO Challenges (challenge_id, college_id)
VALUES ('43432', '12132');
INSERT INTO Challenges (challenge_id, college_id)
VALUES ('43628', '12132');
INSERT INTO Challenges (challenge_id, college_id)
VALUES ('43667', '12132');
INSERT INTO Challenges (challenge_id, college_id)
VALUES ('43693', '12180');
INSERT INTO Challenges (challenge_id, college_id)
VALUES ('43737', '12180');
INSERT INTO Challenges (challenge_id, college_id)
VALUES ('43785', '12180');
INSERT INTO Challenges (challenge_id, college_id)
VALUES ('43864', '12180');
INSERT INTO Challenges (challenge_id, college_id)
VALUES ('43868', '12449');
INSERT INTO Challenges (challenge_id, college_id)
VALUES ('43912', '12449');
INSERT INTO Challenges (challenge_id, college_id)
VALUES ('44061', '12449');
INSERT INTO Challenges (challenge_id, college_id)
VALUES ('44328', '12523');
INSERT INTO Challenges (challenge_id, college_id)
VALUES ('44435', '12523');
INSERT INTO Challenges (challenge_id, college_id)
VALUES ('44468', '12523');
INSERT INTO Challenges (challenge_id, college_id)
VALUES ('44709', '12523');
INSERT INTO Challenges (challenge_id, college_id)
VALUES ('44722', '12523');
INSERT INTO Challenges (challenge_id, college_id)
VALUES ('44829', '12523');
INSERT INTO Challenges (challenge_id, college_id)
VALUES ('45061', '12523');
INSERT INTO Challenges (challenge_id, college_id)
VALUES ('45119', '12523');
INSERT INTO Challenges (challenge_id, college_id)
VALUES ('45157', '13117');
INSERT INTO Challenges (challenge_id, college_id)
VALUES ('45230', '13117');
INSERT INTO Challenges (challenge_id, college_id)
VALUES ('45281', '13117');
INSERT INTO Challenges (challenge_id, college_id)
VALUES ('45332', '13389');
INSERT INTO Challenges (challenge_id, college_id)
VALUES ('45363', '13389');
INSERT INTO Challenges (challenge_id, college_id)
VALUES ('45375', '13389');
INSERT INTO Challenges (challenge_id, college_id)
VALUES ('45477', '13389');
INSERT INTO Challenges (challenge_id, college_id)
VALUES ('45549', '13389');
INSERT INTO Challenges (challenge_id, college_id)
VALUES ('45559', '13389');
INSERT INTO Challenges (challenge_id, college_id)
VALUES ('45663', '13807');
INSERT INTO Challenges (challenge_id, college_id)
VALUES ('45764', '13807');
INSERT INTO Challenges (challenge_id, college_id)
VALUES ('45776', '13807');
INSERT INTO Challenges (challenge_id, college_id)
VALUES ('45955', '13807');
INSERT INTO Challenges (challenge_id, college_id)
VALUES ('45962', '13807');
INSERT INTO Challenges (challenge_id, college_id)
VALUES ('46004', '13807');
INSERT INTO Challenges (challenge_id, college_id)
VALUES ('46076', '13807');
INSERT INTO Challenges (challenge_id, college_id)
VALUES ('46128', '13807');
INSERT INTO Challenges (challenge_id, college_id)
VALUES ('46306', '13807');
INSERT INTO Challenges (challenge_id, college_id)
VALUES ('46474', '13807');
INSERT INTO Challenges (challenge_id, college_id)
VALUES ('46631', '14020');
INSERT INTO Challenges (challenge_id, college_id)
VALUES ('46749', '14020');
INSERT INTO Challenges (challenge_id, college_id)
VALUES ('47015', '14020');
INSERT INTO Challenges (challenge_id, college_id)
VALUES ('47158', '14020');
INSERT INTO Challenges (challenge_id, college_id)
VALUES ('47425', '14384');
INSERT INTO Challenges (challenge_id, college_id)
VALUES ('47679', '14384');
INSERT INTO Challenges (challenge_id, college_id)
VALUES ('47817', '14384');
INSERT INTO Challenges (challenge_id, college_id)
VALUES ('47881', '14384');
INSERT INTO Challenges (challenge_id, college_id)
VALUES ('47897', '14384');
INSERT INTO Challenges (challenge_id, college_id)
VALUES ('47901', '14384');
INSERT INTO Challenges (challenge_id, college_id)
VALUES ('47999', '14384');
INSERT INTO Challenges (challenge_id, college_id)
VALUES ('48090', '14384');
INSERT INTO Challenges (challenge_id, college_id)
VALUES ('48306', '14384');
INSERT INTO Challenges (challenge_id, college_id)
VALUES ('48386', '14384');
INSERT INTO Challenges (challenge_id, college_id)
VALUES ('48531', '14393');
INSERT INTO Challenges (challenge_id, college_id)
VALUES ('48645', '14393');
INSERT INTO Challenges (challenge_id, college_id)
VALUES ('48695', '14393');
INSERT INTO Challenges (challenge_id, college_id)
VALUES ('48713', '14393');
INSERT INTO Challenges (challenge_id, college_id)
VALUES ('48773', '14393');
INSERT INTO Challenges (challenge_id, college_id)
VALUES ('48944', '14393');
INSERT INTO Challenges (challenge_id, college_id)
VALUES ('49107', '14393');
INSERT INTO Challenges (challenge_id, college_id)
VALUES ('49324', '14393');
INSERT INTO Challenges (challenge_id, college_id)
VALUES ('49376', '14393');
INSERT INTO Challenges (challenge_id, college_id)
VALUES ('49942', '14393');
INSERT INTO Challenges (challenge_id, college_id)
VALUES ('50040', '14435');
INSERT INTO Challenges (challenge_id, college_id)
VALUES ('50634', '14435');
INSERT INTO Challenges (challenge_id, college_id)
VALUES ('50676', '14435');
INSERT INTO Challenges (challenge_id, college_id)
VALUES ('51019', '14435');
INSERT INTO Challenges (challenge_id, college_id)
VALUES ('51026', '14435');
INSERT INTO Challenges (challenge_id, college_id)
VALUES ('51116', '14435');
INSERT INTO Challenges (challenge_id, college_id)
VALUES ('51187', '14435');
INSERT INTO Challenges (challenge_id, college_id)
VALUES ('51228', '14593');
INSERT INTO Challenges (challenge_id, college_id)
VALUES ('51689', '14593');
INSERT INTO Challenges (challenge_id, college_id)
VALUES ('51839', '14593');
INSERT INTO Challenges (challenge_id, college_id)
VALUES ('52401', '14593');
INSERT INTO Challenges (challenge_id, college_id)
VALUES ('52462', '14593');
INSERT INTO Challenges (challenge_id, college_id)
VALUES ('52592', '14593');
INSERT INTO Challenges (challenge_id, college_id)
VALUES ('52594', '14593');
INSERT INTO Challenges (challenge_id, college_id)
VALUES ('52611', '14593');
INSERT INTO Challenges (challenge_id, college_id)
VALUES ('52918', '14593');
INSERT INTO Challenges (challenge_id, college_id)
VALUES ('52979', '14967');
INSERT INTO Challenges (challenge_id, college_id)
VALUES ('53323', '14967');
INSERT INTO Challenges (challenge_id, college_id)
VALUES ('53328', '14967');
INSERT INTO Challenges (challenge_id, college_id)
VALUES ('53400', '14967');
INSERT INTO Challenges (challenge_id, college_id)
VALUES ('53523', '14967');
INSERT INTO Challenges (challenge_id, college_id)
VALUES ('53640', '14967');
INSERT INTO Challenges (challenge_id, college_id)
VALUES ('53945', '14967');
INSERT INTO Challenges (challenge_id, college_id)
VALUES ('54008', '14967');
INSERT INTO Challenges (challenge_id, college_id)
VALUES ('54026', '14967');
INSERT INTO Challenges (challenge_id, college_id)
VALUES ('54052', '15294');
INSERT INTO Challenges (challenge_id, college_id)
VALUES ('54102', '15294');
INSERT INTO Challenges (challenge_id, college_id)
VALUES ('54206', '15294');
INSERT INTO Challenges (challenge_id, college_id)
VALUES ('54383', '15294');
INSERT INTO Challenges (challenge_id, college_id)
VALUES ('54617', '15294');
INSERT INTO Challenges (challenge_id, college_id)
VALUES ('54752', '15294');
INSERT INTO Challenges (challenge_id, college_id)
VALUES ('54865', '15294');
INSERT INTO Challenges (challenge_id, college_id)
VALUES ('54982', '15294');
INSERT INTO Challenges (challenge_id, college_id)
VALUES ('55147', '15294');
INSERT INTO Challenges (challenge_id, college_id)
VALUES ('55184', '15332');
INSERT INTO Challenges (challenge_id, college_id)
VALUES ('55439', '15332');
INSERT INTO Challenges (challenge_id, college_id)
VALUES ('55521', '15332');
INSERT INTO Challenges (challenge_id, college_id)
VALUES ('55560', '15445');
INSERT INTO Challenges (challenge_id, college_id)
VALUES ('55689', '15445');
INSERT INTO Challenges (challenge_id, college_id)
VALUES ('55774', '15445');
INSERT INTO Challenges (challenge_id, college_id)
VALUES ('55824', '15445');
INSERT INTO Challenges (challenge_id, college_id)
VALUES ('55843', '15445');
INSERT INTO Challenges (challenge_id, college_id)
VALUES ('55948', '15445');
INSERT INTO Challenges (challenge_id, college_id)
VALUES ('56007', '15457');
INSERT INTO Challenges (challenge_id, college_id)
VALUES ('56078', '15457');
INSERT INTO Challenges (challenge_id, college_id)
VALUES ('56113', '15457');
INSERT INTO Challenges (challenge_id, college_id)
VALUES ('56132', '15457');
INSERT INTO Challenges (challenge_id, college_id)
VALUES ('56192', '15457');
INSERT INTO Challenges (challenge_id, college_id)
VALUES ('56222', '15457');
INSERT INTO Challenges (challenge_id, college_id)
VALUES ('56459', '15615');
INSERT INTO Challenges (challenge_id, college_id)
VALUES ('56645', '15615');
INSERT INTO Challenges (challenge_id, college_id)
VALUES ('56666', '15615');
INSERT INTO Challenges (challenge_id, college_id)
VALUES ('56710', '15615');
INSERT INTO Challenges (challenge_id, college_id)
VALUES ('56803', '15817');
INSERT INTO Challenges (challenge_id, college_id)
VALUES ('56838', '15817');
INSERT INTO Challenges (challenge_id, college_id)
VALUES ('57057', '15817');
INSERT INTO Challenges (challenge_id, college_id)
VALUES ('57206', '15817');
INSERT INTO Challenges (challenge_id, college_id)
VALUES ('57218', '15817');
INSERT INTO Challenges (challenge_id, college_id)
VALUES ('57252', '16037');
INSERT INTO Challenges (challenge_id, college_id)
VALUES ('57310', '16037');
INSERT INTO Challenges (challenge_id, college_id)
VALUES ('57397', '16037');
INSERT INTO Challenges (challenge_id, college_id)
VALUES ('57804', '16037');
INSERT INTO Challenges (challenge_id, college_id)
VALUES ('57839', '16358');
INSERT INTO Challenges (challenge_id, college_id)
VALUES ('57855', '16358');
INSERT INTO Challenges (challenge_id, college_id)
VALUES ('57862', '16358');
INSERT INTO Challenges (challenge_id, college_id)
VALUES ('57938', '16358');
INSERT INTO Challenges (challenge_id, college_id)
VALUES ('57939', '16358');
INSERT INTO Challenges (challenge_id, college_id)
VALUES ('58040', '16358');
INSERT INTO Challenges (challenge_id, college_id)
VALUES ('58045', '16358');
INSERT INTO Challenges (challenge_id, college_id)
VALUES ('58121', '16424');
INSERT INTO Challenges (challenge_id, college_id)
VALUES ('58378', '16424');
INSERT INTO Challenges (challenge_id, college_id)
VALUES ('58396', '16424');
INSERT INTO Challenges (challenge_id, college_id)
VALUES ('58460', '16424');
INSERT INTO Challenges (challenge_id, college_id)
VALUES ('58470', '16424');
INSERT INTO Challenges (challenge_id, college_id)
VALUES ('58550', '16424');
INSERT INTO Challenges (challenge_id, college_id)
VALUES ('58627', '16424');
INSERT INTO Challenges (challenge_id, college_id)
VALUES ('58673', '16443');
INSERT INTO Challenges (challenge_id, college_id)
VALUES ('58787', '16443');
INSERT INTO Challenges (challenge_id, college_id)
VALUES ('58812', '16443');
INSERT INTO Challenges (challenge_id, college_id)
VALUES ('58949', '16443');
INSERT INTO Challenges (challenge_id, college_id)
VALUES ('59230', '16443');
INSERT INTO Challenges (challenge_id, college_id)
VALUES ('59384', '16443');
INSERT INTO Challenges (challenge_id, college_id)
VALUES ('59414', '16443');
INSERT INTO Challenges (challenge_id, college_id)
VALUES ('59423', '16542');
INSERT INTO Challenges (challenge_id, college_id)
VALUES ('59439', '16542');
INSERT INTO Challenges (challenge_id, college_id)
VALUES ('59483', '16542');
INSERT INTO Challenges (challenge_id, college_id)
VALUES ('59563', '16542');
INSERT INTO Challenges (challenge_id, college_id)
VALUES ('59607', '16542');
INSERT INTO Challenges (challenge_id, college_id)
VALUES ('59748', '16542');
INSERT INTO Challenges (challenge_id, college_id)
VALUES ('59874', '16542');
INSERT INTO Challenges (challenge_id, college_id)
VALUES ('59899', '16750');
INSERT INTO Challenges (challenge_id, college_id)
VALUES ('60168', '16750');
INSERT INTO Challenges (challenge_id, college_id)
VALUES ('60192', '16750');
INSERT INTO Challenges (challenge_id, college_id)
VALUES ('60201', '16750');
INSERT INTO Challenges (challenge_id, college_id)
VALUES ('60281', '17335');
INSERT INTO Challenges (challenge_id, college_id)
VALUES ('60386', '17335');
INSERT INTO Challenges (challenge_id, college_id)
VALUES ('60407', '17335');
INSERT INTO Challenges (challenge_id, college_id)
VALUES ('60414', '17465');
INSERT INTO Challenges (challenge_id, college_id)
VALUES ('60564', '17465');
INSERT INTO Challenges (challenge_id, college_id)
VALUES ('60703', '17465');
INSERT INTO Challenges (challenge_id, college_id)
VALUES ('60706', '17465');
INSERT INTO Challenges (challenge_id, college_id)
VALUES ('60743', '17465');
INSERT INTO Challenges (challenge_id, college_id)
VALUES ('60768', '17465');
INSERT INTO Challenges (challenge_id, college_id)
VALUES ('60777', '17465');
INSERT INTO Challenges (challenge_id, college_id)
VALUES ('60866', '17465');
INSERT INTO Challenges (challenge_id, college_id)
VALUES ('60874', '17465');
INSERT INTO Challenges (challenge_id, college_id)
VALUES ('60935', '17750');
INSERT INTO Challenges (challenge_id, college_id)
VALUES ('61020', '17750');
INSERT INTO Challenges (challenge_id, college_id)
VALUES ('61110', '17750');
INSERT INTO Challenges (challenge_id, college_id)
VALUES ('61122', '17750');
INSERT INTO Challenges (challenge_id, college_id)
VALUES ('61260', '17750');
INSERT INTO Challenges (challenge_id, college_id)
VALUES ('61286', '17750');
INSERT INTO Challenges (challenge_id, college_id)
VALUES ('61312', '17750');
INSERT INTO Challenges (challenge_id, college_id)
VALUES ('61602', '17750');
INSERT INTO Challenges (challenge_id, college_id)
VALUES ('61643', '17750');
INSERT INTO Challenges (challenge_id, college_id)
VALUES ('61670', '17750');
INSERT INTO Challenges (challenge_id, college_id)
VALUES ('61780', '17910');
INSERT INTO Challenges (challenge_id, college_id)
VALUES ('61792', '17910');
INSERT INTO Challenges (challenge_id, college_id)
VALUES ('62026', '17910');
INSERT INTO Challenges (challenge_id, college_id)
VALUES ('62063', '17910');
INSERT INTO Challenges (challenge_id, college_id)
VALUES ('62131', '17910');
INSERT INTO Challenges (challenge_id, college_id)
VALUES ('62389', '17933');
INSERT INTO Challenges (challenge_id, college_id)
VALUES ('62414', '17933');
INSERT INTO Challenges (challenge_id, college_id)
VALUES ('62471', '17933');
INSERT INTO Challenges (challenge_id, college_id)
VALUES ('62475', '18644');
INSERT INTO Challenges (challenge_id, college_id)
VALUES ('62703', '18644');
INSERT INTO Challenges (challenge_id, college_id)
VALUES ('62874', '18644');
INSERT INTO Challenges (challenge_id, college_id)
VALUES ('62905', '18644');
INSERT INTO Challenges (challenge_id, college_id)
VALUES ('62911', '18644');
INSERT INTO Challenges (challenge_id, college_id)
VALUES ('63026', '18644');
INSERT INTO Challenges (challenge_id, college_id)
VALUES ('63085', '18644');
INSERT INTO Challenges (challenge_id, college_id)
VALUES ('63195', '18644');
INSERT INTO Challenges (challenge_id, college_id)
VALUES ('63227', '19153');
INSERT INTO Challenges (challenge_id, college_id)
VALUES ('63312', '19153');
INSERT INTO Challenges (challenge_id, college_id)
VALUES ('63336', '19153');
INSERT INTO Challenges (challenge_id, college_id)
VALUES ('63722', '19153');
INSERT INTO Challenges (challenge_id, college_id)
VALUES ('63831', '19153');
INSERT INTO Challenges (challenge_id, college_id)
VALUES ('63832', '19153');
INSERT INTO Challenges (challenge_id, college_id)
VALUES ('63835', '19423');
INSERT INTO Challenges (challenge_id, college_id)
VALUES ('63850', '19423');
INSERT INTO Challenges (challenge_id, college_id)
VALUES ('63893', '19423');
INSERT INTO Challenges (challenge_id, college_id)
VALUES ('63906', '19423');
INSERT INTO Challenges (challenge_id, college_id)
VALUES ('64022', '19423');
INSERT INTO Challenges (challenge_id, college_id)
VALUES ('64086', '19423');
INSERT INTO Challenges (challenge_id, college_id)
VALUES ('64127', '19423');
INSERT INTO Challenges (challenge_id, college_id)
VALUES ('64145', '19423');
INSERT INTO Challenges (challenge_id, college_id)
VALUES ('64234', '19423');
INSERT INTO Challenges (challenge_id, college_id)
VALUES ('64281', '19423');
INSERT INTO Challenges (challenge_id, college_id)
VALUES ('64311', '19432');
INSERT INTO Challenges (challenge_id, college_id)
VALUES ('64665', '19432');
INSERT INTO Challenges (challenge_id, college_id)
VALUES ('64810', '19432');
INSERT INTO Challenges (challenge_id, college_id)
VALUES ('64816', '19432');
INSERT INTO Challenges (challenge_id, college_id)
VALUES ('64867', '19432');
INSERT INTO Challenges (challenge_id, college_id)
VALUES ('64894', '19432');
INSERT INTO Challenges (challenge_id, college_id)
VALUES ('64932', '19551');
INSERT INTO Challenges (challenge_id, college_id)
VALUES ('65061', '19551');
INSERT INTO Challenges (challenge_id, college_id)
VALUES ('65083', '19551');
INSERT INTO Challenges (challenge_id, college_id)
VALUES ('65343', '19852');
INSERT INTO Challenges (challenge_id, college_id)
VALUES ('65536', '19852');
INSERT INTO Challenges (challenge_id, college_id)
VALUES ('65550', '19852');
INSERT INTO Challenges (challenge_id, college_id)
VALUES ('65771', '19852');
INSERT INTO Challenges (challenge_id, college_id)
VALUES ('65789', '19852');
INSERT INTO Challenges (challenge_id, college_id)
VALUES ('65804', '19852');
INSERT INTO Challenges (challenge_id, college_id)
VALUES ('65844', '19852');
INSERT INTO Challenges (challenge_id, college_id)
VALUES ('65889', '19852');
INSERT INTO Challenges (challenge_id, college_id)
VALUES ('65960', '20172');
INSERT INTO Challenges (challenge_id, college_id)
VALUES ('66001', '20172');
INSERT INTO Challenges (challenge_id, college_id)
VALUES ('66125', '20172');
INSERT INTO Challenges (challenge_id, college_id)
VALUES ('66149', '20172');
INSERT INTO Challenges (challenge_id, college_id)
VALUES ('66282', '20172');
INSERT INTO Challenges (challenge_id, college_id)
VALUES ('66396', '20419');
INSERT INTO Challenges (challenge_id, college_id)
VALUES ('66400', '20419');
INSERT INTO Challenges (challenge_id, college_id)
VALUES ('66459', '20419');
INSERT INTO Challenges (challenge_id, college_id)
VALUES ('66548', '20419');
INSERT INTO Challenges (challenge_id, college_id)
VALUES ('66617', '20419');
INSERT INTO Challenges (challenge_id, college_id)
VALUES ('66715', '20419');
INSERT INTO Challenges (challenge_id, college_id)
VALUES ('66844', '20419');
INSERT INTO Challenges (challenge_id, college_id)
VALUES ('67097', '20419');
INSERT INTO Challenges (challenge_id, college_id)
VALUES ('67148', '20419');
INSERT INTO Challenges (challenge_id, college_id)
VALUES ('67149', '20606');
INSERT INTO Challenges (challenge_id, college_id)
VALUES ('67179', '20606');
INSERT INTO Challenges (challenge_id, college_id)
VALUES ('67253', '20606');
INSERT INTO Challenges (challenge_id, college_id)
VALUES ('67542', '20649');
INSERT INTO Challenges (challenge_id, college_id)
VALUES ('67575', '20649');
INSERT INTO Challenges (challenge_id, college_id)
VALUES ('67623', '20649');
INSERT INTO Challenges (challenge_id, college_id)
VALUES ('67658', '20649');
INSERT INTO Challenges (challenge_id, college_id)
VALUES ('67793', '20649');
INSERT INTO Challenges (challenge_id, college_id)
VALUES ('67805', '20649');
INSERT INTO Challenges (challenge_id, college_id)
VALUES ('68218', '20649');
INSERT INTO Challenges (challenge_id, college_id)
VALUES ('68240', '20649');
INSERT INTO Challenges (challenge_id, college_id)
VALUES ('68287', '20649');
INSERT INTO Challenges (challenge_id, college_id)
VALUES ('68400', '20913');
INSERT INTO Challenges (challenge_id, college_id)
VALUES ('68414', '20913');
INSERT INTO Challenges (challenge_id, college_id)
VALUES ('68551', '20913');
INSERT INTO Challenges (challenge_id, college_id)
VALUES ('68573', '20913');
INSERT INTO Challenges (challenge_id, college_id)
VALUES ('68613', '20948');
INSERT INTO Challenges (challenge_id, college_id)
VALUES ('68619', '20948');
INSERT INTO Challenges (challenge_id, college_id)
VALUES ('68650', '20948');
INSERT INTO Challenges (challenge_id, college_id)
VALUES ('68792', '20948');
INSERT INTO Challenges (challenge_id, college_id)
VALUES ('68859', '20948');
INSERT INTO Challenges (challenge_id, college_id)
VALUES ('68920', '21665');
INSERT INTO Challenges (challenge_id, college_id)
VALUES ('69003', '21665');
INSERT INTO Challenges (challenge_id, college_id)
VALUES ('69136', '21665');
INSERT INTO Challenges (challenge_id, college_id)
VALUES ('69190', '21665');
INSERT INTO Challenges (challenge_id, college_id)
VALUES ('69393', '21900');
INSERT INTO Challenges (challenge_id, college_id)
VALUES ('69422', '21900');
INSERT INTO Challenges (challenge_id, college_id)
VALUES ('69516', '21900');
INSERT INTO Challenges (challenge_id, college_id)
VALUES ('69573', '21900');
INSERT INTO Challenges (challenge_id, college_id)
VALUES ('69769', '21900');
INSERT INTO Challenges (challenge_id, college_id)
VALUES ('69894', '21900');
INSERT INTO Challenges (challenge_id, college_id)
VALUES ('70016', '21900');
INSERT INTO Challenges (challenge_id, college_id)
VALUES ('70035', '22076');
INSERT INTO Challenges (challenge_id, college_id)
VALUES ('70043', '22076');
INSERT INTO Challenges (challenge_id, college_id)
VALUES ('70053', '22076');
INSERT INTO Challenges (challenge_id, college_id)
VALUES ('70293', '22083');
INSERT INTO Challenges (challenge_id, college_id)
VALUES ('70398', '22083');
INSERT INTO Challenges (challenge_id, college_id)
VALUES ('70442', '22083');
INSERT INTO Challenges (challenge_id, college_id)
VALUES ('70488', '22243');
INSERT INTO Challenges (challenge_id, college_id)
VALUES ('70518', '22243');
INSERT INTO Challenges (challenge_id, college_id)
VALUES ('70564', '22243');
INSERT INTO Challenges (challenge_id, college_id)
VALUES ('70598', '22243');
INSERT INTO Challenges (challenge_id, college_id)
VALUES ('70650', '22243');
INSERT INTO Challenges (challenge_id, college_id)
VALUES ('70706', '22243');
INSERT INTO Challenges (challenge_id, college_id)
VALUES ('70782', '22243');
INSERT INTO Challenges (challenge_id, college_id)
VALUES ('70814', '22243');
INSERT INTO Challenges (challenge_id, college_id)
VALUES ('70894', '22292');
INSERT INTO Challenges (challenge_id, college_id)
VALUES ('71074', '22292');
INSERT INTO Challenges (challenge_id, college_id)
VALUES ('71397', '22292');
INSERT INTO Challenges (challenge_id, college_id)
VALUES ('71586', '22292');
INSERT INTO Challenges (challenge_id, college_id)
VALUES ('71592', '22292');
INSERT INTO Challenges (challenge_id, college_id)
VALUES ('71730', '22717');
INSERT INTO Challenges (challenge_id, college_id)
VALUES ('72083', '22717');
INSERT INTO Challenges (challenge_id, college_id)
VALUES ('72130', '22717');
INSERT INTO Challenges (challenge_id, college_id)
VALUES ('72172', '22717');
INSERT INTO Challenges (challenge_id, college_id)
VALUES ('72199', '22717');
INSERT INTO Challenges (challenge_id, college_id)
VALUES ('72422', '22717');
INSERT INTO Challenges (challenge_id, college_id)
VALUES ('72429', '22717');
INSERT INTO Challenges (challenge_id, college_id)
VALUES ('72713', '22843');
INSERT INTO Challenges (challenge_id, college_id)
VALUES ('72822', '22843');
INSERT INTO Challenges (challenge_id, college_id)
VALUES ('72825', '22843');
INSERT INTO Challenges (challenge_id, college_id)
VALUES ('73009', '22843');
INSERT INTO Challenges (challenge_id, college_id)
VALUES ('73017', '22843');
INSERT INTO Challenges (challenge_id, college_id)
VALUES ('73116', '22843');
INSERT INTO Challenges (challenge_id, college_id)
VALUES ('73119', '22843');
INSERT INTO Challenges (challenge_id, college_id)
VALUES ('73231', '22964');
INSERT INTO Challenges (challenge_id, college_id)
VALUES ('73495', '22964');
INSERT INTO Challenges (challenge_id, college_id)
VALUES ('73516', '22964');
INSERT INTO Challenges (challenge_id, college_id)
VALUES ('73603', '22964');
INSERT INTO Challenges (challenge_id, college_id)
VALUES ('73649', '22964');
INSERT INTO Challenges (challenge_id, college_id)
VALUES ('73694', '23222');
INSERT INTO Challenges (challenge_id, college_id)
VALUES ('73741', '23222');
INSERT INTO Challenges (challenge_id, college_id)
VALUES ('73813', '23222');
INSERT INTO Challenges (challenge_id, college_id)
VALUES ('73814', '23637');
INSERT INTO Challenges (challenge_id, college_id)
VALUES ('73821', '23637');
INSERT INTO Challenges (challenge_id, college_id)
VALUES ('73985', '23637');
INSERT INTO Challenges (challenge_id, college_id)
VALUES ('74261', '23637');
INSERT INTO Challenges (challenge_id, college_id)
VALUES ('74434', '23637');
INSERT INTO Challenges (challenge_id, college_id)
VALUES ('74519', '23773');
INSERT INTO Challenges (challenge_id, college_id)
VALUES ('74637', '23773');
INSERT INTO Challenges (challenge_id, college_id)
VALUES ('74710', '23773');
INSERT INTO Challenges (challenge_id, college_id)
VALUES ('74744', '23773');
INSERT INTO Challenges (challenge_id, college_id)
VALUES ('74878', '23773');
INSERT INTO Challenges (challenge_id, college_id)
VALUES ('74902', '23773');
INSERT INTO Challenges (challenge_id, college_id)
VALUES ('74920', '23773');
INSERT INTO Challenges (challenge_id, college_id)
VALUES ('74932', '23773');
INSERT INTO Challenges (challenge_id, college_id)
VALUES ('75096', '23773');
INSERT INTO Challenges (challenge_id, college_id)
VALUES ('75395', '24033');
INSERT INTO Challenges (challenge_id, college_id)
VALUES ('75410', '24033');
INSERT INTO Challenges (challenge_id, college_id)
VALUES ('75441', '24033');
INSERT INTO Challenges (challenge_id, college_id)
VALUES ('75478', '24033');
INSERT INTO Challenges (challenge_id, college_id)
VALUES ('75535', '24033');
INSERT INTO Challenges (challenge_id, college_id)
VALUES ('75574', '24086');
INSERT INTO Challenges (challenge_id, college_id)
VALUES ('75642', '24086');
INSERT INTO Challenges (challenge_id, college_id)
VALUES ('75933', '24086');
INSERT INTO Challenges (challenge_id, college_id)
VALUES ('76068', '24086');
INSERT INTO Challenges (challenge_id, college_id)
VALUES ('76080', '24086');
INSERT INTO Challenges (challenge_id, college_id)
VALUES ('76122', '24086');
INSERT INTO Challenges (challenge_id, college_id)
VALUES ('76262', '24086');
INSERT INTO Challenges (challenge_id, college_id)
VALUES ('76313', '24086');
INSERT INTO Challenges (challenge_id, college_id)
VALUES ('76426', '24086');
INSERT INTO Challenges (challenge_id, college_id)
VALUES ('76480', '24086');
INSERT INTO Challenges (challenge_id, college_id)
VALUES ('76562', '24101');
INSERT INTO Challenges (challenge_id, college_id)
VALUES ('76589', '24101');
INSERT INTO Challenges (challenge_id, college_id)
VALUES ('76686', '24101');
INSERT INTO Challenges (challenge_id, college_id)
VALUES ('76707', '24101');
INSERT INTO Challenges (challenge_id, college_id)
VALUES ('76924', '24101');
INSERT INTO Challenges (challenge_id, college_id)
VALUES ('76966', '24101');
INSERT INTO Challenges (challenge_id, college_id)
VALUES ('77290', '24101');
INSERT INTO Challenges (challenge_id, college_id)
VALUES ('77372', '24101');
INSERT INTO Challenges (challenge_id, college_id)
VALUES ('77627', '24101');
INSERT INTO Challenges (challenge_id, college_id)
VALUES ('77653', '24306');
INSERT INTO Challenges (challenge_id, college_id)
VALUES ('77679', '24306');
INSERT INTO Challenges (challenge_id, college_id)
VALUES ('77720', '24306');
INSERT INTO Challenges (challenge_id, college_id)
VALUES ('77725', '24306');
INSERT INTO Challenges (challenge_id, college_id)
VALUES ('77865', '24306');
INSERT INTO Challenges (challenge_id, college_id)
VALUES ('77992', '24306');
INSERT INTO Challenges (challenge_id, college_id)
VALUES ('78498', '24309');
INSERT INTO Challenges (challenge_id, college_id)
VALUES ('78675', '24309');
INSERT INTO Challenges (challenge_id, college_id)
VALUES ('78738', '24309');
INSERT INTO Challenges (challenge_id, college_id)
VALUES ('78760', '24309');
INSERT INTO Challenges (challenge_id, college_id)
VALUES ('78796', '24309');
INSERT INTO Challenges (challenge_id, college_id)
VALUES ('78894', '24391');
INSERT INTO Challenges (challenge_id, college_id)
VALUES ('79146', '24391');
INSERT INTO Challenges (challenge_id, college_id)
VALUES ('79236', '24391');
INSERT INTO Challenges (challenge_id, college_id)
VALUES ('79330', '24391');
INSERT INTO Challenges (challenge_id, college_id)
VALUES ('79542', '24391');
INSERT INTO Challenges (challenge_id, college_id)
VALUES ('79580', '24391');
INSERT INTO Challenges (challenge_id, college_id)
VALUES ('79749', '25653');
INSERT INTO Challenges (challenge_id, college_id)
VALUES ('79792', '25653');
INSERT INTO Challenges (challenge_id, college_id)
VALUES ('79938', '25653');
INSERT INTO Challenges (challenge_id, college_id)
VALUES ('80036', '25653');
INSERT INTO Challenges (challenge_id, college_id)
VALUES ('80196', '25653');
INSERT INTO Challenges (challenge_id, college_id)
VALUES ('80308', '25721');
INSERT INTO Challenges (challenge_id, college_id)
VALUES ('80411', '25721');
INSERT INTO Challenges (challenge_id, college_id)
VALUES ('80579', '25721');
INSERT INTO Challenges (challenge_id, college_id)
VALUES ('80673', '25721');
INSERT INTO Challenges (challenge_id, college_id)
VALUES ('80715', '25721');
INSERT INTO Challenges (challenge_id, college_id)
VALUES ('80796', '25721');
INSERT INTO Challenges (challenge_id, college_id)
VALUES ('81186', '25753');
INSERT INTO Challenges (challenge_id, college_id)
VALUES ('81526', '25753');
INSERT INTO Challenges (challenge_id, college_id)
VALUES ('81573', '25753');
INSERT INTO Challenges (challenge_id, college_id)
VALUES ('81615', '25753');
INSERT INTO Challenges (challenge_id, college_id)
VALUES ('81901', '25753');
INSERT INTO Challenges (challenge_id, college_id)
VALUES ('82016', '25753');
INSERT INTO Challenges (challenge_id, college_id)
VALUES ('82017', '25753');
INSERT INTO Challenges (challenge_id, college_id)
VALUES ('82091', '25753');
INSERT INTO Challenges (challenge_id, college_id)
VALUES ('82106', '25753');
INSERT INTO Challenges (challenge_id, college_id)
VALUES ('82128', '25753');
INSERT INTO Challenges (challenge_id, college_id)
VALUES ('82394', '25979');
INSERT INTO Challenges (challenge_id, college_id)
VALUES ('82407', '25979');
INSERT INTO Challenges (challenge_id, college_id)
VALUES ('82409', '25979');
INSERT INTO Challenges (challenge_id, college_id)
VALUES ('82425', '25979');
INSERT INTO Challenges (challenge_id, college_id)
VALUES ('82535', '25979');
INSERT INTO Challenges (challenge_id, college_id)
VALUES ('82851', '26015');
INSERT INTO Challenges (challenge_id, college_id)
VALUES ('83234', '26015');
INSERT INTO Challenges (challenge_id, college_id)
VALUES ('83240', '26015');
INSERT INTO Challenges (challenge_id, college_id)
VALUES ('83388', '26015');
INSERT INTO Challenges (challenge_id, college_id)
VALUES ('83451', '26015');
INSERT INTO Challenges (challenge_id, college_id)
VALUES ('83483', '26015');
INSERT INTO Challenges (challenge_id, college_id)
VALUES ('83615', '26015');
INSERT INTO Challenges (challenge_id, college_id)
VALUES ('83681', '26029');
INSERT INTO Challenges (challenge_id, college_id)
VALUES ('83739', '26029');
INSERT INTO Challenges (challenge_id, college_id)
VALUES ('83824', '26029');
INSERT INTO Challenges (challenge_id, college_id)
VALUES ('83836', '26029');
INSERT INTO Challenges (challenge_id, college_id)
VALUES ('83841', '26029');
INSERT INTO Challenges (challenge_id, college_id)
VALUES ('83943', '26029');
INSERT INTO Challenges (challenge_id, college_id)
VALUES ('83992', '26186');
INSERT INTO Challenges (challenge_id, college_id)
VALUES ('84055', '26186');
INSERT INTO Challenges (challenge_id, college_id)
VALUES ('84130', '26186');
INSERT INTO Challenges (challenge_id, college_id)
VALUES ('84211', '26186');
INSERT INTO Challenges (challenge_id, college_id)
VALUES ('84426', '26186');
INSERT INTO Challenges (challenge_id, college_id)
VALUES ('84585', '26186');
INSERT INTO Challenges (challenge_id, college_id)
VALUES ('84592', '26186');
INSERT INTO Challenges (challenge_id, college_id)
VALUES ('85048', '26186');
INSERT INTO Challenges (challenge_id, college_id)
VALUES ('85274', '26190');
INSERT INTO Challenges (challenge_id, college_id)
VALUES ('85316', '26190');
INSERT INTO Challenges (challenge_id, college_id)
VALUES ('85413', '26190');
INSERT INTO Challenges (challenge_id, college_id)
VALUES ('85451', '26334');
INSERT INTO Challenges (challenge_id, college_id)
VALUES ('85566', '26334');
INSERT INTO Challenges (challenge_id, college_id)
VALUES ('85569', '26334');
INSERT INTO Challenges (challenge_id, college_id)
VALUES ('85592', '26334');
INSERT INTO Challenges (challenge_id, college_id)
VALUES ('85632', '26334');
INSERT INTO Challenges (challenge_id, college_id)
VALUES ('85662', '26334');
INSERT INTO Challenges (challenge_id, college_id)
VALUES ('85665', '26334');
INSERT INTO Challenges (challenge_id, college_id)
VALUES ('85700', '26334');
INSERT INTO Challenges (challenge_id, college_id)
VALUES ('85729', '26334');
INSERT INTO Challenges (challenge_id, college_id)
VALUES ('85736', '26334');
INSERT INTO Challenges (challenge_id, college_id)
VALUES ('85817', '26394');
INSERT INTO Challenges (challenge_id, college_id)
VALUES ('85830', '26394');
INSERT INTO Challenges (challenge_id, college_id)
VALUES ('85865', '26394');
INSERT INTO Challenges (challenge_id, college_id)
VALUES ('85956', '26394');
INSERT INTO Challenges (challenge_id, college_id)
VALUES ('86015', '26394');
INSERT INTO Challenges (challenge_id, college_id)
VALUES ('86098', '26394');
INSERT INTO Challenges (challenge_id, college_id)
VALUES ('86334', '26394');
INSERT INTO Challenges (challenge_id, college_id)
VALUES ('86412', '26394');
INSERT INTO Challenges (challenge_id, college_id)
VALUES ('86417', '26426');
INSERT INTO Challenges (challenge_id, college_id)
VALUES ('86480', '26426');
INSERT INTO Challenges (challenge_id, college_id)
VALUES ('86584', '26426');
INSERT INTO Challenges (challenge_id, college_id)
VALUES ('86674', '26558');
INSERT INTO Challenges (challenge_id, college_id)
VALUES ('86703', '26558');
INSERT INTO Challenges (challenge_id, college_id)
VALUES ('86758', '26558');
INSERT INTO Challenges (challenge_id, college_id)
VALUES ('86791', '26558');
INSERT INTO Challenges (challenge_id, college_id)
VALUES ('86798', '26558');
INSERT INTO Challenges (challenge_id, college_id)
VALUES ('86832', '26558');
INSERT INTO Challenges (challenge_id, college_id)
VALUES ('86910', '26558');
INSERT INTO Challenges (challenge_id, college_id)
VALUES ('86987', '26558');
INSERT INTO Challenges (challenge_id, college_id)
VALUES ('87055', '26558');
INSERT INTO Challenges (challenge_id, college_id)
VALUES ('87093', '26558');
INSERT INTO Challenges (challenge_id, college_id)
VALUES ('87211', '27517');
INSERT INTO Challenges (challenge_id, college_id)
VALUES ('87358', '27517');
INSERT INTO Challenges (challenge_id, college_id)
VALUES ('87446', '27517');
INSERT INTO Challenges (challenge_id, college_id)
VALUES ('87513', '27517');
INSERT INTO Challenges (challenge_id, college_id)
VALUES ('87845', '27702');
INSERT INTO Challenges (challenge_id, college_id)
VALUES ('87951', '27702');
INSERT INTO Challenges (challenge_id, college_id)
VALUES ('88008', '27702');
INSERT INTO Challenges (challenge_id, college_id)
VALUES ('88109', '27702');
INSERT INTO Challenges (challenge_id, college_id)
VALUES ('88165', '27702');
INSERT INTO Challenges (challenge_id, college_id)
VALUES ('88171', '27702');
INSERT INTO Challenges (challenge_id, college_id)
VALUES ('88205', '27702');
INSERT INTO Challenges (challenge_id, college_id)
VALUES ('88454', '27702');
INSERT INTO Challenges (challenge_id, college_id)
VALUES ('88550', '27702');
INSERT INTO Challenges (challenge_id, college_id)
VALUES ('88554', '27702');
INSERT INTO Challenges (challenge_id, college_id)
VALUES ('88711', '28159');
INSERT INTO Challenges (challenge_id, college_id)
VALUES ('88723', '28159');
INSERT INTO Challenges (challenge_id, college_id)
VALUES ('88755', '28159');
INSERT INTO Challenges (challenge_id, college_id)
VALUES ('88815', '28159');
INSERT INTO Challenges (challenge_id, college_id)
VALUES ('88886', '28159');
INSERT INTO Challenges (challenge_id, college_id)
VALUES ('88971', '28159');
INSERT INTO Challenges (challenge_id, college_id)
VALUES ('89086', '28375');
INSERT INTO Challenges (challenge_id, college_id)
VALUES ('89108', '28375');
INSERT INTO Challenges (challenge_id, college_id)
VALUES ('89202', '28375');
INSERT INTO Challenges (challenge_id, college_id)
VALUES ('89274', '28375');
INSERT INTO Challenges (challenge_id, college_id)
VALUES ('89875', '28375');
INSERT INTO Challenges (challenge_id, college_id)
VALUES ('89953', '28375');
INSERT INTO Challenges (challenge_id, college_id)
VALUES ('90022', '28375');
INSERT INTO Challenges (challenge_id, college_id)
VALUES ('90147', '28375');
INSERT INTO Challenges (challenge_id, college_id)
VALUES ('90462', '28375');
INSERT INTO Challenges (challenge_id, college_id)
VALUES ('90628', '2');


-- View_Stats
DROP TABLE View_Stats;

CREATE TABLE View_Stats (
	challenge_id INT,
	total_views INT,
	total_unique_views INT
);

INSERT INTO View_Stats (challenge_id, total_views, total_unique_views)
VALUES ('33090', '76', '6');
INSERT INTO View_Stats (challenge_id, total_views, total_unique_views)
VALUES ('25505', '68', '15');
INSERT INTO View_Stats (challenge_id, total_views, total_unique_views)
VALUES ('7583', '29', '21');
INSERT INTO View_Stats (challenge_id, total_views, total_unique_views)
VALUES ('75096', '41', '16');
INSERT INTO View_Stats (challenge_id, total_views, total_unique_views)
VALUES ('10853', '58', '12');
INSERT INTO View_Stats (challenge_id, total_views, total_unique_views)
VALUES ('90628', '81', '18');
INSERT INTO View_Stats (challenge_id, total_views, total_unique_views)
VALUES ('20828', '98', '15');
INSERT INTO View_Stats (challenge_id, total_views, total_unique_views)
VALUES ('52594', '31', '19');
INSERT INTO View_Stats (challenge_id, total_views, total_unique_views)
VALUES ('57310', '62', '20');
INSERT INTO View_Stats (challenge_id, total_views, total_unique_views)
VALUES ('13356', '28', '23');
INSERT INTO View_Stats (challenge_id, total_views, total_unique_views)
VALUES ('6998', '94', '23');
INSERT INTO View_Stats (challenge_id, total_views, total_unique_views)
VALUES ('38969', '50', '17');
INSERT INTO View_Stats (challenge_id, total_views, total_unique_views)
VALUES ('24325', '65', '14');
INSERT INTO View_Stats (challenge_id, total_views, total_unique_views)
VALUES ('145', '38', '19');
INSERT INTO View_Stats (challenge_id, total_views, total_unique_views)
VALUES ('44435', '63', '17');
INSERT INTO View_Stats (challenge_id, total_views, total_unique_views)
VALUES ('74878', '33', '9');
INSERT INTO View_Stats (challenge_id, total_views, total_unique_views)
VALUES ('18750', '14', '10');
INSERT INTO View_Stats (challenge_id, total_views, total_unique_views)
VALUES ('66149', '85', '24');
INSERT INTO View_Stats (challenge_id, total_views, total_unique_views)
VALUES ('42877', '47', '15');
INSERT INTO View_Stats (challenge_id, total_views, total_unique_views)
VALUES ('7803', '73', '16');
INSERT INTO View_Stats (challenge_id, total_views, total_unique_views)
VALUES ('24989', '26', '14');
INSERT INTO View_Stats (challenge_id, total_views, total_unique_views)
VALUES ('6089', '80', '20');
INSERT INTO View_Stats (challenge_id, total_views, total_unique_views)
VALUES ('5158', '41', '11');
INSERT INTO View_Stats (challenge_id, total_views, total_unique_views)
VALUES ('53323', '41', '17');
INSERT INTO View_Stats (challenge_id, total_views, total_unique_views)
VALUES ('70442', '72', '17');
INSERT INTO View_Stats (challenge_id, total_views, total_unique_views)
VALUES ('45477', '98', '22');
INSERT INTO View_Stats (challenge_id, total_views, total_unique_views)
VALUES ('85817', '57', '14');
INSERT INTO View_Stats (challenge_id, total_views, total_unique_views)
VALUES ('70518', '93', '20');
INSERT INTO View_Stats (challenge_id, total_views, total_unique_views)
VALUES ('51839', '8', '8');
INSERT INTO View_Stats (challenge_id, total_views, total_unique_views)
VALUES ('39388', '60', '17');
INSERT INTO View_Stats (challenge_id, total_views, total_unique_views)
VALUES ('54617', '86', '6');
INSERT INTO View_Stats (challenge_id, total_views, total_unique_views)
VALUES ('94218', '13', '6');
INSERT INTO View_Stats (challenge_id, total_views, total_unique_views)
VALUES ('33696', '34', '8');
INSERT INTO View_Stats (challenge_id, total_views, total_unique_views)
VALUES ('92799', '29', '24');
INSERT INTO View_Stats (challenge_id, total_views, total_unique_views)
VALUES ('16912', '38', '10');
INSERT INTO View_Stats (challenge_id, total_views, total_unique_views)
VALUES ('18307', '67', '18');
INSERT INTO View_Stats (challenge_id, total_views, total_unique_views)
VALUES ('70894', '52', '12');
INSERT INTO View_Stats (challenge_id, total_views, total_unique_views)
VALUES ('36382', '70', '25');
INSERT INTO View_Stats (challenge_id, total_views, total_unique_views)
VALUES ('8162', '60', '9');
INSERT INTO View_Stats (challenge_id, total_views, total_unique_views)
VALUES ('99661', '63', '18');
INSERT INTO View_Stats (challenge_id, total_views, total_unique_views)
VALUES ('73985', '39', '8');
INSERT INTO View_Stats (challenge_id, total_views, total_unique_views)
VALUES ('76589', '48', '19');
INSERT INTO View_Stats (challenge_id, total_views, total_unique_views)
VALUES ('43667', '99', '6');
INSERT INTO View_Stats (challenge_id, total_views, total_unique_views)
VALUES ('57839', '24', '23');
INSERT INTO View_Stats (challenge_id, total_views, total_unique_views)
VALUES ('85632', '61', '6');
INSERT INTO View_Stats (challenge_id, total_views, total_unique_views)
VALUES ('99619', '70', '17');
INSERT INTO View_Stats (challenge_id, total_views, total_unique_views)
VALUES ('39015', '49', '16');
INSERT INTO View_Stats (challenge_id, total_views, total_unique_views)
VALUES ('22652', '18', '17');
INSERT INTO View_Stats (challenge_id, total_views, total_unique_views)
VALUES ('62389', '99', '21');
INSERT INTO View_Stats (challenge_id, total_views, total_unique_views)
VALUES ('7962', '27', '25');
INSERT INTO View_Stats (challenge_id, total_views, total_unique_views)
VALUES ('4226', '23', '12');
INSERT INTO View_Stats (challenge_id, total_views, total_unique_views)
VALUES ('43912', '46', '24');
INSERT INTO View_Stats (challenge_id, total_views, total_unique_views)
VALUES ('63026', '57', '10');
INSERT INTO View_Stats (challenge_id, total_views, total_unique_views)
VALUES ('14292', '92', '18');
INSERT INTO View_Stats (challenge_id, total_views, total_unique_views)
VALUES ('56113', '46', '23');
INSERT INTO View_Stats (challenge_id, total_views, total_unique_views)
VALUES ('84130', '43', '25');
INSERT INTO View_Stats (challenge_id, total_views, total_unique_views)
VALUES ('7346', '67', '21');
INSERT INTO View_Stats (challenge_id, total_views, total_unique_views)
VALUES ('82425', '23', '16');
INSERT INTO View_Stats (challenge_id, total_views, total_unique_views)
VALUES ('70518', '19', '19');
INSERT INTO View_Stats (challenge_id, total_views, total_unique_views)
VALUES ('15197', '32', '22');
INSERT INTO View_Stats (challenge_id, total_views, total_unique_views)
VALUES ('65550', '28', '19');
INSERT INTO View_Stats (challenge_id, total_views, total_unique_views)
VALUES ('16881', '83', '6');
INSERT INTO View_Stats (challenge_id, total_views, total_unique_views)
VALUES ('75478', '58', '18');
INSERT INTO View_Stats (challenge_id, total_views, total_unique_views)
VALUES ('57804', '47', '19');
INSERT INTO View_Stats (challenge_id, total_views, total_unique_views)
VALUES ('18354', '20', '13');
INSERT INTO View_Stats (challenge_id, total_views, total_unique_views)
VALUES ('35776', '56', '11');
INSERT INTO View_Stats (challenge_id, total_views, total_unique_views)
VALUES ('86015', '22', '16');
INSERT INTO View_Stats (challenge_id, total_views, total_unique_views)
VALUES ('4919', '73', '12');
INSERT INTO View_Stats (challenge_id, total_views, total_unique_views)
VALUES ('60168', '53', '12');
INSERT INTO View_Stats (challenge_id, total_views, total_unique_views)
VALUES ('92762', '39', '9');
INSERT INTO View_Stats (challenge_id, total_views, total_unique_views)
VALUES ('51839', '97', '16');
INSERT INTO View_Stats (challenge_id, total_views, total_unique_views)
VALUES ('70814', '21', '20');
INSERT INTO View_Stats (challenge_id, total_views, total_unique_views)
VALUES ('79146', '42', '13');
INSERT INTO View_Stats (challenge_id, total_views, total_unique_views)
VALUES ('68859', '14', '8');
INSERT INTO View_Stats (challenge_id, total_views, total_unique_views)
VALUES ('14724', '32', '6');
INSERT INTO View_Stats (challenge_id, total_views, total_unique_views)
VALUES ('64867', '94', '19');
INSERT INTO View_Stats (challenge_id, total_views, total_unique_views)
VALUES ('2438', '83', '14');
INSERT INTO View_Stats (challenge_id, total_views, total_unique_views)
VALUES ('85316', '51', '24');
INSERT INTO View_Stats (challenge_id, total_views, total_unique_views)
VALUES ('67623', '61', '20');
INSERT INTO View_Stats (challenge_id, total_views, total_unique_views)
VALUES ('88454', '84', '10');
INSERT INTO View_Stats (challenge_id, total_views, total_unique_views)
VALUES ('10865', '98', '19');
INSERT INTO View_Stats (challenge_id, total_views, total_unique_views)
VALUES ('42577', '40', '21');
INSERT INTO View_Stats (challenge_id, total_views, total_unique_views)
VALUES ('7962', '26', '24');
INSERT INTO View_Stats (challenge_id, total_views, total_unique_views)
VALUES ('34139', '41', '17');
INSERT INTO View_Stats (challenge_id, total_views, total_unique_views)
VALUES ('57057', '19', '11');
INSERT INTO View_Stats (challenge_id, total_views, total_unique_views)
VALUES ('26364', '28', '14');
INSERT INTO View_Stats (challenge_id, total_views, total_unique_views)
VALUES ('96135', '82', '21');
INSERT INTO View_Stats (challenge_id, total_views, total_unique_views)
VALUES ('34333', '72', '7');
INSERT INTO View_Stats (challenge_id, total_views, total_unique_views)
VALUES ('99192', '74', '23');
INSERT INTO View_Stats (challenge_id, total_views, total_unique_views)
VALUES ('6921', '33', '6');
INSERT INTO View_Stats (challenge_id, total_views, total_unique_views)
VALUES ('45764', '43', '23');
INSERT INTO View_Stats (challenge_id, total_views, total_unique_views)
VALUES ('96524', '90', '16');
INSERT INTO View_Stats (challenge_id, total_views, total_unique_views)
VALUES ('6095', '64', '6');
INSERT INTO View_Stats (challenge_id, total_views, total_unique_views)
VALUES ('68240', '67', '21');
INSERT INTO View_Stats (challenge_id, total_views, total_unique_views)
VALUES ('92799', '32', '10');
INSERT INTO View_Stats (challenge_id, total_views, total_unique_views)
VALUES ('45962', '67', '21');
INSERT INTO View_Stats (challenge_id, total_views, total_unique_views)
VALUES ('61312', '30', '17');
INSERT INTO View_Stats (challenge_id, total_views, total_unique_views)
VALUES ('55521', '74', '13');
INSERT INTO View_Stats (challenge_id, total_views, total_unique_views)
VALUES ('90979', '96', '12');
INSERT INTO View_Stats (challenge_id, total_views, total_unique_views)
VALUES ('22351', '21', '9');
INSERT INTO View_Stats (challenge_id, total_views, total_unique_views)
VALUES ('45477', '62', '8');
INSERT INTO View_Stats (challenge_id, total_views, total_unique_views)
VALUES ('11914', '32', '18');
INSERT INTO View_Stats (challenge_id, total_views, total_unique_views)
VALUES ('94363', '12', '6');
INSERT INTO View_Stats (challenge_id, total_views, total_unique_views)
VALUES ('45157', '98', '13');
INSERT INTO View_Stats (challenge_id, total_views, total_unique_views)
VALUES ('38908', '23', '17');
INSERT INTO View_Stats (challenge_id, total_views, total_unique_views)
VALUES ('86584', '29', '23');
INSERT INTO View_Stats (challenge_id, total_views, total_unique_views)
VALUES ('54102', '63', '18');
INSERT INTO View_Stats (challenge_id, total_views, total_unique_views)
VALUES ('85569', '64', '15');
INSERT INTO View_Stats (challenge_id, total_views, total_unique_views)
VALUES ('72429', '21', '9');
INSERT INTO View_Stats (challenge_id, total_views, total_unique_views)
VALUES ('18823', '37', '23');
INSERT INTO View_Stats (challenge_id, total_views, total_unique_views)
VALUES ('791', '22', '22');
INSERT INTO View_Stats (challenge_id, total_views, total_unique_views)
VALUES ('76262', '56', '20');
INSERT INTO View_Stats (challenge_id, total_views, total_unique_views)
VALUES ('12421', '28', '24');
INSERT INTO View_Stats (challenge_id, total_views, total_unique_views)
VALUES ('4159', '36', '10');
INSERT INTO View_Stats (challenge_id, total_views, total_unique_views)
VALUES ('3019', '26', '6');
INSERT INTO View_Stats (challenge_id, total_views, total_unique_views)
VALUES ('66001', '14', '10');
INSERT INTO View_Stats (challenge_id, total_views, total_unique_views)
VALUES ('47425', '47', '16');
INSERT INTO View_Stats (challenge_id, total_views, total_unique_views)
VALUES ('90022', '78', '19');
INSERT INTO View_Stats (challenge_id, total_views, total_unique_views)
VALUES ('2924', '75', '7');
INSERT INTO View_Stats (challenge_id, total_views, total_unique_views)
VALUES ('71397', '29', '8');
INSERT INTO View_Stats (challenge_id, total_views, total_unique_views)
VALUES ('11646', '98', '24');
INSERT INTO View_Stats (challenge_id, total_views, total_unique_views)
VALUES ('42387', '61', '24');
INSERT INTO View_Stats (challenge_id, total_views, total_unique_views)
VALUES ('15035', '91', '14');
INSERT INTO View_Stats (challenge_id, total_views, total_unique_views)
VALUES ('75574', '27', '16');
INSERT INTO View_Stats (challenge_id, total_views, total_unique_views)
VALUES ('76589', '14', '9');
INSERT INTO View_Stats (challenge_id, total_views, total_unique_views)
VALUES ('87951', '59', '10');
INSERT INTO View_Stats (challenge_id, total_views, total_unique_views)
VALUES ('30465', '62', '14');
INSERT INTO View_Stats (challenge_id, total_views, total_unique_views)
VALUES ('3423', '41', '25');
INSERT INTO View_Stats (challenge_id, total_views, total_unique_views)
VALUES ('78675', '71', '8');
INSERT INTO View_Stats (challenge_id, total_views, total_unique_views)
VALUES ('94767', '46', '9');
INSERT INTO View_Stats (challenge_id, total_views, total_unique_views)
VALUES ('55521', '88', '9');
INSERT INTO View_Stats (challenge_id, total_views, total_unique_views)
VALUES ('65343', '37', '19');
INSERT INTO View_Stats (challenge_id, total_views, total_unique_views)
VALUES ('92288', '71', '7');
INSERT INTO View_Stats (challenge_id, total_views, total_unique_views)
VALUES ('68920', '69', '11');
INSERT INTO View_Stats (challenge_id, total_views, total_unique_views)
VALUES ('60407', '40', '20');
INSERT INTO View_Stats (challenge_id, total_views, total_unique_views)
VALUES ('70706', '71', '23');
INSERT INTO View_Stats (challenge_id, total_views, total_unique_views)
VALUES ('11957', '83', '11');
INSERT INTO View_Stats (challenge_id, total_views, total_unique_views)
VALUES ('43667', '54', '10');
INSERT INTO View_Stats (challenge_id, total_views, total_unique_views)
VALUES ('33700', '79', '20');
INSERT INTO View_Stats (challenge_id, total_views, total_unique_views)
VALUES ('7472', '18', '13');
INSERT INTO View_Stats (challenge_id, total_views, total_unique_views)
VALUES ('86098', '33', '13');
INSERT INTO View_Stats (challenge_id, total_views, total_unique_views)
VALUES ('44709', '19', '9');
INSERT INTO View_Stats (challenge_id, total_views, total_unique_views)
VALUES ('74878', '61', '23');
INSERT INTO View_Stats (challenge_id, total_views, total_unique_views)
VALUES ('37268', '19', '9');
INSERT INTO View_Stats (challenge_id, total_views, total_unique_views)
VALUES ('86674', '18', '16');
INSERT INTO View_Stats (challenge_id, total_views, total_unique_views)
VALUES ('53523', '24', '7');
INSERT INTO View_Stats (challenge_id, total_views, total_unique_views)
VALUES ('73009', '26', '16');
INSERT INTO View_Stats (challenge_id, total_views, total_unique_views)
VALUES ('36584', '36', '6');
INSERT INTO View_Stats (challenge_id, total_views, total_unique_views)
VALUES ('41268', '60', '13');
INSERT INTO View_Stats (challenge_id, total_views, total_unique_views)
VALUES ('19170', '65', '22');
INSERT INTO View_Stats (challenge_id, total_views, total_unique_views)
VALUES ('92762', '64', '23');
INSERT INTO View_Stats (challenge_id, total_views, total_unique_views)
VALUES ('24633', '41', '16');
INSERT INTO View_Stats (challenge_id, total_views, total_unique_views)
VALUES ('56459', '76', '23');
INSERT INTO View_Stats (challenge_id, total_views, total_unique_views)
VALUES ('38430', '98', '20');
INSERT INTO View_Stats (challenge_id, total_views, total_unique_views)
VALUES ('72713', '30', '23');
INSERT INTO View_Stats (challenge_id, total_views, total_unique_views)
VALUES ('48306', '52', '23');
INSERT INTO View_Stats (challenge_id, total_views, total_unique_views)
VALUES ('65789', '11', '7');
INSERT INTO View_Stats (challenge_id, total_views, total_unique_views)
VALUES ('47897', '28', '19');
INSERT INTO View_Stats (challenge_id, total_views, total_unique_views)
VALUES ('36381', '92', '20');
INSERT INTO View_Stats (challenge_id, total_views, total_unique_views)
VALUES ('46631', '91', '12');
INSERT INTO View_Stats (challenge_id, total_views, total_unique_views)
VALUES ('83992', '30', '21');
INSERT INTO View_Stats (challenge_id, total_views, total_unique_views)
VALUES ('27927', '96', '17');
INSERT INTO View_Stats (challenge_id, total_views, total_unique_views)
VALUES ('75096', '39', '11');
INSERT INTO View_Stats (challenge_id, total_views, total_unique_views)
VALUES ('60703', '18', '10');
INSERT INTO View_Stats (challenge_id, total_views, total_unique_views)
VALUES ('62389', '91', '21');
INSERT INTO View_Stats (challenge_id, total_views, total_unique_views)
VALUES ('40747', '90', '20');
INSERT INTO View_Stats (challenge_id, total_views, total_unique_views)
VALUES ('47817', '17', '10');
INSERT INTO View_Stats (challenge_id, total_views, total_unique_views)
VALUES ('69573', '39', '18');
INSERT INTO View_Stats (challenge_id, total_views, total_unique_views)
VALUES ('64311', '73', '21');
INSERT INTO View_Stats (challenge_id, total_views, total_unique_views)
VALUES ('10099', '22', '18');
INSERT INTO View_Stats (challenge_id, total_views, total_unique_views)
VALUES ('32681', '47', '20');
INSERT INTO View_Stats (challenge_id, total_views, total_unique_views)
VALUES ('4850', '30', '17');
INSERT INTO View_Stats (challenge_id, total_views, total_unique_views)
VALUES ('91584', '31', '14');
INSERT INTO View_Stats (challenge_id, total_views, total_unique_views)
VALUES ('60777', '16', '6');
INSERT INTO View_Stats (challenge_id, total_views, total_unique_views)
VALUES ('60192', '96', '11');
INSERT INTO View_Stats (challenge_id, total_views, total_unique_views)
VALUES ('54026', '22', '19');
INSERT INTO View_Stats (challenge_id, total_views, total_unique_views)
VALUES ('95546', '85', '19');
INSERT INTO View_Stats (challenge_id, total_views, total_unique_views)
VALUES ('68613', '20', '10');
INSERT INTO View_Stats (challenge_id, total_views, total_unique_views)
VALUES ('63906', '75', '19');
INSERT INTO View_Stats (challenge_id, total_views, total_unique_views)
VALUES ('85665', '28', '23');
INSERT INTO View_Stats (challenge_id, total_views, total_unique_views)
VALUES ('65771', '75', '17');
INSERT INTO View_Stats (challenge_id, total_views, total_unique_views)
VALUES ('15152', '57', '6');
INSERT INTO View_Stats (challenge_id, total_views, total_unique_views)
VALUES ('11859', '16', '10');
INSERT INTO View_Stats (challenge_id, total_views, total_unique_views)
VALUES ('11859', '54', '7');
INSERT INTO View_Stats (challenge_id, total_views, total_unique_views)
VALUES ('98192', '41', '19');
INSERT INTO View_Stats (challenge_id, total_views, total_unique_views)
VALUES ('10258', '82', '20');
INSERT INTO View_Stats (challenge_id, total_views, total_unique_views)
VALUES ('79938', '82', '7');
INSERT INTO View_Stats (challenge_id, total_views, total_unique_views)
VALUES ('47015', '50', '23');
INSERT INTO View_Stats (challenge_id, total_views, total_unique_views)
VALUES ('92655', '27', '14');
INSERT INTO View_Stats (challenge_id, total_views, total_unique_views)
VALUES ('8386', '26', '18');
INSERT INTO View_Stats (challenge_id, total_views, total_unique_views)
VALUES ('58045', '56', '14');
INSERT INTO View_Stats (challenge_id, total_views, total_unique_views)
VALUES ('68240', '47', '12');
INSERT INTO View_Stats (challenge_id, total_views, total_unique_views)
VALUES ('43071', '71', '11');
INSERT INTO View_Stats (challenge_id, total_views, total_unique_views)
VALUES ('38877', '42', '24');
INSERT INTO View_Stats (challenge_id, total_views, total_unique_views)
VALUES ('66149', '84', '6');
INSERT INTO View_Stats (challenge_id, total_views, total_unique_views)
VALUES ('34336', '73', '7');
INSERT INTO View_Stats (challenge_id, total_views, total_unique_views)
VALUES ('87358', '70', '9');
INSERT INTO View_Stats (challenge_id, total_views, total_unique_views)
VALUES ('35051', '15', '6');
INSERT INTO View_Stats (challenge_id, total_views, total_unique_views)
VALUES ('90147', '28', '9');
INSERT INTO View_Stats (challenge_id, total_views, total_unique_views)
VALUES ('90628', '20', '13');
INSERT INTO View_Stats (challenge_id, total_views, total_unique_views)
VALUES ('29694', '72', '8');
INSERT INTO View_Stats (challenge_id, total_views, total_unique_views)
VALUES ('5069', '10', '8');
INSERT INTO View_Stats (challenge_id, total_views, total_unique_views)
VALUES ('28065', '31', '7');
INSERT INTO View_Stats (challenge_id, total_views, total_unique_views)
VALUES ('60168', '26', '17');
INSERT INTO View_Stats (challenge_id, total_views, total_unique_views)
VALUES ('36056', '57', '22');
INSERT INTO View_Stats (challenge_id, total_views, total_unique_views)
VALUES ('98663', '72', '20');
INSERT INTO View_Stats (challenge_id, total_views, total_unique_views)
VALUES ('94363', '85', '25');
INSERT INTO View_Stats (challenge_id, total_views, total_unique_views)
VALUES ('89953', '91', '17');
INSERT INTO View_Stats (challenge_id, total_views, total_unique_views)
VALUES ('1322', '98', '11');
INSERT INTO View_Stats (challenge_id, total_views, total_unique_views)
VALUES ('44435', '22', '9');
INSERT INTO View_Stats (challenge_id, total_views, total_unique_views)
VALUES ('75535', '34', '12');
INSERT INTO View_Stats (challenge_id, total_views, total_unique_views)
VALUES ('90462', '33', '17');
INSERT INTO View_Stats (challenge_id, total_views, total_unique_views)
VALUES ('86703', '83', '15');
INSERT INTO View_Stats (challenge_id, total_views, total_unique_views)
VALUES ('59439', '33', '18');
INSERT INTO View_Stats (challenge_id, total_views, total_unique_views)
VALUES ('4750', '52', '23');
INSERT INTO View_Stats (challenge_id, total_views, total_unique_views)
VALUES ('31587', '74', '14');
INSERT INTO View_Stats (challenge_id, total_views, total_unique_views)
VALUES ('4247', '35', '19');
INSERT INTO View_Stats (challenge_id, total_views, total_unique_views)
VALUES ('85048', '21', '12');
INSERT INTO View_Stats (challenge_id, total_views, total_unique_views)
VALUES ('25505', '53', '25');
INSERT INTO View_Stats (challenge_id, total_views, total_unique_views)
VALUES ('48306', '69', '8');
INSERT INTO View_Stats (challenge_id, total_views, total_unique_views)
VALUES ('55439', '70', '11');
INSERT INTO View_Stats (challenge_id, total_views, total_unique_views)
VALUES ('54102', '37', '19');
INSERT INTO View_Stats (challenge_id, total_views, total_unique_views)
VALUES ('91972', '34', '22');
INSERT INTO View_Stats (challenge_id, total_views, total_unique_views)
VALUES ('4266', '52', '18');
INSERT INTO View_Stats (challenge_id, total_views, total_unique_views)
VALUES ('45332', '93', '12');
INSERT INTO View_Stats (challenge_id, total_views, total_unique_views)
VALUES ('5652', '49', '22');
INSERT INTO View_Stats (challenge_id, total_views, total_unique_views)
VALUES ('21772', '84', '23');
INSERT INTO View_Stats (challenge_id, total_views, total_unique_views)
VALUES ('8680', '40', '6');
INSERT INTO View_Stats (challenge_id, total_views, total_unique_views)
VALUES ('99619', '68', '11');
INSERT INTO View_Stats (challenge_id, total_views, total_unique_views)
VALUES ('12107', '36', '6');
INSERT INTO View_Stats (challenge_id, total_views, total_unique_views)
VALUES ('1979', '79', '17');
INSERT INTO View_Stats (challenge_id, total_views, total_unique_views)
VALUES ('94767', '80', '19');
INSERT INTO View_Stats (challenge_id, total_views, total_unique_views)
VALUES ('37606', '53', '6');
INSERT INTO View_Stats (challenge_id, total_views, total_unique_views)
VALUES ('8870', '18', '14');
INSERT INTO View_Stats (challenge_id, total_views, total_unique_views)
VALUES ('10853', '43', '23');
INSERT INTO View_Stats (challenge_id, total_views, total_unique_views)
VALUES ('7472', '55', '25');
INSERT INTO View_Stats (challenge_id, total_views, total_unique_views)
VALUES ('95030', '46', '8');
INSERT INTO View_Stats (challenge_id, total_views, total_unique_views)
VALUES ('57206', '67', '20');
INSERT INTO View_Stats (challenge_id, total_views, total_unique_views)
VALUES ('45776', '28', '23');
INSERT INTO View_Stats (challenge_id, total_views, total_unique_views)
VALUES ('69422', '29', '13');
INSERT INTO View_Stats (challenge_id, total_views, total_unique_views)
VALUES ('4159', '75', '6');
INSERT INTO View_Stats (challenge_id, total_views, total_unique_views)
VALUES ('55184', '74', '6');
INSERT INTO View_Stats (challenge_id, total_views, total_unique_views)
VALUES ('77653', '89', '10');
INSERT INTO View_Stats (challenge_id, total_views, total_unique_views)
VALUES ('84055', '32', '24');
INSERT INTO View_Stats (challenge_id, total_views, total_unique_views)
VALUES ('77725', '87', '23');
INSERT INTO View_Stats (challenge_id, total_views, total_unique_views)
VALUES ('1979', '17', '16');
INSERT INTO View_Stats (challenge_id, total_views, total_unique_views)
VALUES ('4866', '47', '23');
INSERT INTO View_Stats (challenge_id, total_views, total_unique_views)
VALUES ('11957', '98', '23');
INSERT INTO View_Stats (challenge_id, total_views, total_unique_views)
VALUES ('64145', '30', '10');
INSERT INTO View_Stats (challenge_id, total_views, total_unique_views)
VALUES ('62475', '54', '16');
INSERT INTO View_Stats (challenge_id, total_views, total_unique_views)
VALUES ('83992', '17', '14');
INSERT INTO View_Stats (challenge_id, total_views, total_unique_views)
VALUES ('57057', '78', '25');
INSERT INTO View_Stats (challenge_id, total_views, total_unique_views)
VALUES ('59414', '77', '18');
INSERT INTO View_Stats (challenge_id, total_views, total_unique_views)
VALUES ('36159', '18', '14');
INSERT INTO View_Stats (challenge_id, total_views, total_unique_views)
VALUES ('48773', '51', '18');
INSERT INTO View_Stats (challenge_id, total_views, total_unique_views)
VALUES ('29166', '39', '20');
INSERT INTO View_Stats (challenge_id, total_views, total_unique_views)
VALUES ('76262', '48', '25');
INSERT INTO View_Stats (challenge_id, total_views, total_unique_views)
VALUES ('31807', '81', '21');
INSERT INTO View_Stats (challenge_id, total_views, total_unique_views)
VALUES ('81186', '68', '24');
INSERT INTO View_Stats (challenge_id, total_views, total_unique_views)
VALUES ('94541', '83', '21');
INSERT INTO View_Stats (challenge_id, total_views, total_unique_views)
VALUES ('74710', '66', '15');
INSERT INTO View_Stats (challenge_id, total_views, total_unique_views)
VALUES ('76080', '41', '25');
INSERT INTO View_Stats (challenge_id, total_views, total_unique_views)
VALUES ('33696', '18', '11');
INSERT INTO View_Stats (challenge_id, total_views, total_unique_views)
VALUES ('10611', '46', '24');
INSERT INTO View_Stats (challenge_id, total_views, total_unique_views)
VALUES ('54206', '31', '22');
INSERT INTO View_Stats (challenge_id, total_views, total_unique_views)
VALUES ('16881', '45', '7');
INSERT INTO View_Stats (challenge_id, total_views, total_unique_views)
VALUES ('72713', '22', '12');
INSERT INTO View_Stats (challenge_id, total_views, total_unique_views)
VALUES ('66617', '22', '14');
INSERT INTO View_Stats (challenge_id, total_views, total_unique_views)
VALUES ('68414', '88', '18');
INSERT INTO View_Stats (challenge_id, total_views, total_unique_views)
VALUES ('41101', '14', '6');
INSERT INTO View_Stats (challenge_id, total_views, total_unique_views)
VALUES ('82017', '50', '13');
INSERT INTO View_Stats (challenge_id, total_views, total_unique_views)
VALUES ('45061', '87', '11');
INSERT INTO View_Stats (challenge_id, total_views, total_unique_views)
VALUES ('77372', '48', '7');
INSERT INTO View_Stats (challenge_id, total_views, total_unique_views)
VALUES ('99833', '13', '12');
INSERT INTO View_Stats (challenge_id, total_views, total_unique_views)
VALUES ('51839', '14', '7');
INSERT INTO View_Stats (challenge_id, total_views, total_unique_views)
VALUES ('57218', '50', '16');
INSERT INTO View_Stats (challenge_id, total_views, total_unique_views)
VALUES ('52462', '36', '19');
INSERT INTO View_Stats (challenge_id, total_views, total_unique_views)
VALUES ('85665', '38', '10');
INSERT INTO View_Stats (challenge_id, total_views, total_unique_views)
VALUES ('43196', '32', '22');
INSERT INTO View_Stats (challenge_id, total_views, total_unique_views)
VALUES ('39304', '26', '16');
INSERT INTO View_Stats (challenge_id, total_views, total_unique_views)
VALUES ('98782', '44', '17');
INSERT INTO View_Stats (challenge_id, total_views, total_unique_views)
VALUES ('56666', '72', '18');
INSERT INTO View_Stats (challenge_id, total_views, total_unique_views)
VALUES ('16877', '92', '23');
INSERT INTO View_Stats (challenge_id, total_views, total_unique_views)
VALUES ('90943', '49', '25');
INSERT INTO View_Stats (challenge_id, total_views, total_unique_views)
VALUES ('63831', '87', '11');
INSERT INTO View_Stats (challenge_id, total_views, total_unique_views)
VALUES ('14292', '36', '15');
INSERT INTO View_Stats (challenge_id, total_views, total_unique_views)
VALUES ('75535', '93', '13');
INSERT INTO View_Stats (challenge_id, total_views, total_unique_views)
VALUES ('96643', '43', '15');
INSERT INTO View_Stats (challenge_id, total_views, total_unique_views)
VALUES ('41352', '82', '9');
INSERT INTO View_Stats (challenge_id, total_views, total_unique_views)
VALUES ('68619', '59', '16');
INSERT INTO View_Stats (challenge_id, total_views, total_unique_views)
VALUES ('6561', '25', '24');
INSERT INTO View_Stats (challenge_id, total_views, total_unique_views)
VALUES ('49376', '91', '24');
INSERT INTO View_Stats (challenge_id, total_views, total_unique_views)
VALUES ('94408', '72', '20');
INSERT INTO View_Stats (challenge_id, total_views, total_unique_views)
VALUES ('48713', '73', '18');
INSERT INTO View_Stats (challenge_id, total_views, total_unique_views)
VALUES ('57839', '91', '25');
INSERT INTO View_Stats (challenge_id, total_views, total_unique_views)
VALUES ('99071', '93', '19');
INSERT INTO View_Stats (challenge_id, total_views, total_unique_views)
VALUES ('86674', '97', '18');
INSERT INTO View_Stats (challenge_id, total_views, total_unique_views)
VALUES ('18207', '16', '8');
INSERT INTO View_Stats (challenge_id, total_views, total_unique_views)
VALUES ('62131', '40', '23');
INSERT INTO View_Stats (challenge_id, total_views, total_unique_views)
VALUES ('35946', '73', '11');
INSERT INTO View_Stats (challenge_id, total_views, total_unique_views)
VALUES ('36382', '47', '6');
INSERT INTO View_Stats (challenge_id, total_views, total_unique_views)
VALUES ('83615', '39', '18');
INSERT INTO View_Stats (challenge_id, total_views, total_unique_views)
VALUES ('52592', '21', '16');
INSERT INTO View_Stats (challenge_id, total_views, total_unique_views)
VALUES ('56222', '91', '25');
INSERT INTO View_Stats (challenge_id, total_views, total_unique_views)
VALUES ('24078', '15', '13');
INSERT INTO View_Stats (challenge_id, total_views, total_unique_views)
VALUES ('48531', '41', '19');
INSERT INTO View_Stats (challenge_id, total_views, total_unique_views)
VALUES ('77865', '17', '13');
INSERT INTO View_Stats (challenge_id, total_views, total_unique_views)
VALUES ('46474', '68', '17');
INSERT INTO View_Stats (challenge_id, total_views, total_unique_views)
VALUES ('97950', '81', '22');
INSERT INTO View_Stats (challenge_id, total_views, total_unique_views)
VALUES ('32674', '16', '15');
INSERT INTO View_Stats (challenge_id, total_views, total_unique_views)
VALUES ('7472', '56', '9');
INSERT INTO View_Stats (challenge_id, total_views, total_unique_views)
VALUES ('31347', '76', '20');
INSERT INTO View_Stats (challenge_id, total_views, total_unique_views)
VALUES ('7583', '86', '12');
INSERT INTO View_Stats (challenge_id, total_views, total_unique_views)
VALUES ('21716', '98', '25');
INSERT INTO View_Stats (challenge_id, total_views, total_unique_views)
VALUES ('81615', '37', '21');
INSERT INTO View_Stats (challenge_id, total_views, total_unique_views)
VALUES ('17015', '51', '7');
INSERT INTO View_Stats (challenge_id, total_views, total_unique_views)
VALUES ('31587', '95', '13');
INSERT INTO View_Stats (challenge_id, total_views, total_unique_views)
VALUES ('78760', '27', '16');
INSERT INTO View_Stats (challenge_id, total_views, total_unique_views)
VALUES ('18291', '94', '10');
INSERT INTO View_Stats (challenge_id, total_views, total_unique_views)
VALUES ('5652', '97', '7');
INSERT INTO View_Stats (challenge_id, total_views, total_unique_views)
VALUES ('39151', '55', '19');
INSERT INTO View_Stats (challenge_id, total_views, total_unique_views)
VALUES ('4850', '48', '15');
INSERT INTO View_Stats (challenge_id, total_views, total_unique_views)
VALUES ('29375', '90', '7');
INSERT INTO View_Stats (challenge_id, total_views, total_unique_views)
VALUES ('45955', '11', '6');
INSERT INTO View_Stats (challenge_id, total_views, total_unique_views)
VALUES ('62471', '82', '15');
INSERT INTO View_Stats (challenge_id, total_views, total_unique_views)
VALUES ('83836', '45', '23');
INSERT INTO View_Stats (challenge_id, total_views, total_unique_views)
VALUES ('95122', '97', '22');
INSERT INTO View_Stats (challenge_id, total_views, total_unique_views)
VALUES ('33285', '80', '10');
INSERT INTO View_Stats (challenge_id, total_views, total_unique_views)
VALUES ('8902', '25', '24');
INSERT INTO View_Stats (challenge_id, total_views, total_unique_views)
VALUES ('44829', '61', '25');
INSERT INTO View_Stats (challenge_id, total_views, total_unique_views)
VALUES ('70894', '70', '17');
INSERT INTO View_Stats (challenge_id, total_views, total_unique_views)
VALUES ('2438', '30', '20');
INSERT INTO View_Stats (challenge_id, total_views, total_unique_views)
VALUES ('26345', '34', '15');
INSERT INTO View_Stats (challenge_id, total_views, total_unique_views)
VALUES ('32235', '20', '7');
INSERT INTO View_Stats (challenge_id, total_views, total_unique_views)
VALUES ('66282', '59', '11');
INSERT INTO View_Stats (challenge_id, total_views, total_unique_views)
VALUES ('2550', '25', '20');
INSERT INTO View_Stats (challenge_id, total_views, total_unique_views)
VALUES ('31923', '81', '22');
INSERT INTO View_Stats (challenge_id, total_views, total_unique_views)
VALUES ('99625', '77', '19');
INSERT INTO View_Stats (challenge_id, total_views, total_unique_views)
VALUES ('33811', '22', '12');
INSERT INTO View_Stats (challenge_id, total_views, total_unique_views)
VALUES ('69573', '40', '13');
INSERT INTO View_Stats (challenge_id, total_views, total_unique_views)
VALUES ('59384', '43', '25');
INSERT INTO View_Stats (challenge_id, total_views, total_unique_views)
VALUES ('41268', '83', '7');
INSERT INTO View_Stats (challenge_id, total_views, total_unique_views)
VALUES ('60192', '27', '8');
INSERT INTO View_Stats (challenge_id, total_views, total_unique_views)
VALUES ('11188', '51', '10');
INSERT INTO View_Stats (challenge_id, total_views, total_unique_views)
VALUES ('96815', '16', '16');
INSERT INTO View_Stats (challenge_id, total_views, total_unique_views)
VALUES ('72130', '77', '9');
INSERT INTO View_Stats (challenge_id, total_views, total_unique_views)
VALUES ('47425', '33', '20');
INSERT INTO View_Stats (challenge_id, total_views, total_unique_views)
VALUES ('82091', '65', '11');
INSERT INTO View_Stats (challenge_id, total_views, total_unique_views)
VALUES ('77720', '26', '8');
INSERT INTO View_Stats (challenge_id, total_views, total_unique_views)
VALUES ('67253', '94', '7');
INSERT INTO View_Stats (challenge_id, total_views, total_unique_views)
VALUES ('7346', '18', '8');
INSERT INTO View_Stats (challenge_id, total_views, total_unique_views)
VALUES ('58040', '66', '22');
INSERT INTO View_Stats (challenge_id, total_views, total_unique_views)
VALUES ('57855', '24', '8');
INSERT INTO View_Stats (challenge_id, total_views, total_unique_views)
VALUES ('86674', '61', '22');
INSERT INTO View_Stats (challenge_id, total_views, total_unique_views)
VALUES ('67542', '93', '19');
INSERT INTO View_Stats (challenge_id, total_views, total_unique_views)
VALUES ('85316', '79', '21');
INSERT INTO View_Stats (challenge_id, total_views, total_unique_views)
VALUES ('82128', '29', '16');
INSERT INTO View_Stats (challenge_id, total_views, total_unique_views)
VALUES ('97950', '95', '8');
INSERT INTO View_Stats (challenge_id, total_views, total_unique_views)
VALUES ('60777', '21', '14');
INSERT INTO View_Stats (challenge_id, total_views, total_unique_views)
VALUES ('86334', '51', '14');
INSERT INTO View_Stats (challenge_id, total_views, total_unique_views)
VALUES ('69003', '67', '24');
INSERT INTO View_Stats (challenge_id, total_views, total_unique_views)
VALUES ('27563', '43', '15');
INSERT INTO View_Stats (challenge_id, total_views, total_unique_views)
VALUES ('3089', '28', '16');
INSERT INTO View_Stats (challenge_id, total_views, total_unique_views)
VALUES ('8680', '44', '20');
INSERT INTO View_Stats (challenge_id, total_views, total_unique_views)
VALUES ('23864', '87', '23');
INSERT INTO View_Stats (challenge_id, total_views, total_unique_views)
VALUES ('15152', '57', '25');
INSERT INTO View_Stats (challenge_id, total_views, total_unique_views)
VALUES ('59414', '19', '6');
INSERT INTO View_Stats (challenge_id, total_views, total_unique_views)
VALUES ('59874', '68', '12');
INSERT INTO View_Stats (challenge_id, total_views, total_unique_views)
VALUES ('13951', '61', '16');
INSERT INTO View_Stats (challenge_id, total_views, total_unique_views)
VALUES ('48773', '77', '18');
INSERT INTO View_Stats (challenge_id, total_views, total_unique_views)
VALUES ('18956', '98', '8');
INSERT INTO View_Stats (challenge_id, total_views, total_unique_views)
VALUES ('57862', '18', '16');
INSERT INTO View_Stats (challenge_id, total_views, total_unique_views)
VALUES ('7803', '58', '9');
INSERT INTO View_Stats (challenge_id, total_views, total_unique_views)
VALUES ('63831', '32', '22');
INSERT INTO View_Stats (challenge_id, total_views, total_unique_views)
VALUES ('51116', '83', '19');
INSERT INTO View_Stats (challenge_id, total_views, total_unique_views)
VALUES ('92138', '42', '25');
INSERT INTO View_Stats (challenge_id, total_views, total_unique_views)
VALUES ('6384', '22', '11');
INSERT INTO View_Stats (challenge_id, total_views, total_unique_views)
VALUES ('36381', '59', '16');
INSERT INTO View_Stats (challenge_id, total_views, total_unique_views)
VALUES ('85736', '56', '14');
INSERT INTO View_Stats (challenge_id, total_views, total_unique_views)
VALUES ('51689', '22', '21');
INSERT INTO View_Stats (challenge_id, total_views, total_unique_views)
VALUES ('29332', '15', '11');
INSERT INTO View_Stats (challenge_id, total_views, total_unique_views)
VALUES ('34960', '24', '22');
INSERT INTO View_Stats (challenge_id, total_views, total_unique_views)
VALUES ('80196', '20', '18');
INSERT INTO View_Stats (challenge_id, total_views, total_unique_views)
VALUES ('49376', '78', '21');
INSERT INTO View_Stats (challenge_id, total_views, total_unique_views)
VALUES ('17394', '57', '7');
INSERT INTO View_Stats (challenge_id, total_views, total_unique_views)
VALUES ('77290', '98', '11');
INSERT INTO View_Stats (challenge_id, total_views, total_unique_views)
VALUES ('37542', '88', '17');
INSERT INTO View_Stats (challenge_id, total_views, total_unique_views)
VALUES ('69136', '41', '16');
INSERT INTO View_Stats (challenge_id, total_views, total_unique_views)
VALUES ('99192', '41', '20');
INSERT INTO View_Stats (challenge_id, total_views, total_unique_views)
VALUES ('12974', '31', '25');
INSERT INTO View_Stats (challenge_id, total_views, total_unique_views)
VALUES ('23080', '24', '13');
INSERT INTO View_Stats (challenge_id, total_views, total_unique_views)
VALUES ('18207', '88', '14');
INSERT INTO View_Stats (challenge_id, total_views, total_unique_views)
VALUES ('48386', '50', '15');
INSERT INTO View_Stats (challenge_id, total_views, total_unique_views)
VALUES ('85956', '65', '25');
INSERT INTO View_Stats (challenge_id, total_views, total_unique_views)
VALUES ('56113', '79', '25');
INSERT INTO View_Stats (challenge_id, total_views, total_unique_views)
VALUES ('10853', '64', '13');
INSERT INTO View_Stats (challenge_id, total_views, total_unique_views)
VALUES ('5069', '76', '9');
INSERT INTO View_Stats (challenge_id, total_views, total_unique_views)
VALUES ('84592', '23', '18');
INSERT INTO View_Stats (challenge_id, total_views, total_unique_views)
VALUES ('98833', '62', '22');
INSERT INTO View_Stats (challenge_id, total_views, total_unique_views)
VALUES ('60768', '89', '15');
INSERT INTO View_Stats (challenge_id, total_views, total_unique_views)
VALUES ('57938', '15', '12');
INSERT INTO View_Stats (challenge_id, total_views, total_unique_views)
VALUES ('76068', '35', '7');
INSERT INTO View_Stats (challenge_id, total_views, total_unique_views)
VALUES ('45776', '24', '15');
INSERT INTO View_Stats (challenge_id, total_views, total_unique_views)
VALUES ('24078', '45', '7');
INSERT INTO View_Stats (challenge_id, total_views, total_unique_views)
VALUES ('8506', '55', '22');
INSERT INTO View_Stats (challenge_id, total_views, total_unique_views)
VALUES ('43013', '94', '25');
INSERT INTO View_Stats (challenge_id, total_views, total_unique_views)
VALUES ('85316', '83', '17');
INSERT INTO View_Stats (challenge_id, total_views, total_unique_views)
VALUES ('41261', '61', '19');
INSERT INTO View_Stats (challenge_id, total_views, total_unique_views)
VALUES ('16348', '41', '23');
INSERT INTO View_Stats (challenge_id, total_views, total_unique_views)
VALUES ('95546', '20', '14');
INSERT INTO View_Stats (challenge_id, total_views, total_unique_views)
VALUES ('58378', '80', '15');
INSERT INTO View_Stats (challenge_id, total_views, total_unique_views)
VALUES ('63893', '74', '6');
INSERT INTO View_Stats (challenge_id, total_views, total_unique_views)
VALUES ('23080', '65', '24');
INSERT INTO View_Stats (challenge_id, total_views, total_unique_views)
VALUES ('89875', '43', '10');
INSERT INTO View_Stats (challenge_id, total_views, total_unique_views)
VALUES ('37458', '75', '7');
INSERT INTO View_Stats (challenge_id, total_views, total_unique_views)
VALUES ('37458', '19', '10');
INSERT INTO View_Stats (challenge_id, total_views, total_unique_views)
VALUES ('82394', '75', '6');
INSERT INTO View_Stats (challenge_id, total_views, total_unique_views)
VALUES ('48944', '43', '23');
INSERT INTO View_Stats (challenge_id, total_views, total_unique_views)
VALUES ('7551', '21', '19');
INSERT INTO View_Stats (challenge_id, total_views, total_unique_views)
VALUES ('67253', '23', '21');
INSERT INTO View_Stats (challenge_id, total_views, total_unique_views)
VALUES ('82425', '65', '17');
INSERT INTO View_Stats (challenge_id, total_views, total_unique_views)
VALUES ('145', '65', '12');
INSERT INTO View_Stats (challenge_id, total_views, total_unique_views)
VALUES ('61110', '64', '13');
INSERT INTO View_Stats (challenge_id, total_views, total_unique_views)
VALUES ('73985', '40', '15');
INSERT INTO View_Stats (challenge_id, total_views, total_unique_views)
VALUES ('65536', '20', '8');
INSERT INTO View_Stats (challenge_id, total_views, total_unique_views)
VALUES ('77372', '28', '24');
INSERT INTO View_Stats (challenge_id, total_views, total_unique_views)
VALUES ('95958', '66', '21');
INSERT INTO View_Stats (challenge_id, total_views, total_unique_views)
VALUES ('76686', '31', '24');
INSERT INTO View_Stats (challenge_id, total_views, total_unique_views)
VALUES ('42002', '33', '21');
INSERT INTO View_Stats (challenge_id, total_views, total_unique_views)
VALUES ('59384', '41', '11');
INSERT INTO View_Stats (challenge_id, total_views, total_unique_views)
VALUES ('88454', '45', '22');
INSERT INTO View_Stats (challenge_id, total_views, total_unique_views)
VALUES ('85592', '20', '19');
INSERT INTO View_Stats (challenge_id, total_views, total_unique_views)
VALUES ('4393', '29', '17');
INSERT INTO View_Stats (challenge_id, total_views, total_unique_views)
VALUES ('80579', '58', '6');
INSERT INTO View_Stats (challenge_id, total_views, total_unique_views)
VALUES ('67575', '63', '23');
INSERT INTO View_Stats (challenge_id, total_views, total_unique_views)
VALUES ('46004', '95', '10');
INSERT INTO View_Stats (challenge_id, total_views, total_unique_views)
VALUES ('66459', '72', '9');
INSERT INTO View_Stats (challenge_id, total_views, total_unique_views)
VALUES ('66396', '25', '16');
INSERT INTO View_Stats (challenge_id, total_views, total_unique_views)
VALUES ('2385', '44', '20');
INSERT INTO View_Stats (challenge_id, total_views, total_unique_views)
VALUES ('59483', '65', '10');
INSERT INTO View_Stats (challenge_id, total_views, total_unique_views)
VALUES ('57862', '66', '18');
INSERT INTO View_Stats (challenge_id, total_views, total_unique_views)
VALUES ('60407', '41', '23');
INSERT INTO View_Stats (challenge_id, total_views, total_unique_views)
VALUES ('93562', '11', '6');
INSERT INTO View_Stats (challenge_id, total_views, total_unique_views)
VALUES ('36992', '46', '11');
INSERT INTO View_Stats (challenge_id, total_views, total_unique_views)
VALUES ('70442', '62', '23');
INSERT INTO View_Stats (challenge_id, total_views, total_unique_views)
VALUES ('64127', '65', '15');
INSERT INTO View_Stats (challenge_id, total_views, total_unique_views)
VALUES ('69393', '45', '21');
INSERT INTO View_Stats (challenge_id, total_views, total_unique_views)
VALUES ('53640', '42', '23');
INSERT INTO View_Stats (challenge_id, total_views, total_unique_views)
VALUES ('15709', '24', '13');
INSERT INTO View_Stats (challenge_id, total_views, total_unique_views)
VALUES ('77653', '64', '20');
INSERT INTO View_Stats (challenge_id, total_views, total_unique_views)
VALUES ('90979', '33', '24');
INSERT INTO View_Stats (challenge_id, total_views, total_unique_views)
VALUES ('58787', '66', '9');
INSERT INTO View_Stats (challenge_id, total_views, total_unique_views)
VALUES ('13211', '30', '23');
INSERT INTO View_Stats (challenge_id, total_views, total_unique_views)
VALUES ('31068', '80', '10');
INSERT INTO View_Stats (challenge_id, total_views, total_unique_views)
VALUES ('99625', '28', '21');
INSERT INTO View_Stats (challenge_id, total_views, total_unique_views)
VALUES ('52592', '28', '23');
INSERT INTO View_Stats (challenge_id, total_views, total_unique_views)
VALUES ('44722', '66', '23');
INSERT INTO View_Stats (challenge_id, total_views, total_unique_views)
VALUES ('74902', '34', '14');
INSERT INTO View_Stats (challenge_id, total_views, total_unique_views)
VALUES ('3625', '10', '9');
INSERT INTO View_Stats (challenge_id, total_views, total_unique_views)
VALUES ('87951', '12', '11');
INSERT INTO View_Stats (challenge_id, total_views, total_unique_views)
VALUES ('20881', '55', '20');
INSERT INTO View_Stats (challenge_id, total_views, total_unique_views)
VALUES ('91398', '49', '20');
INSERT INTO View_Stats (challenge_id, total_views, total_unique_views)
VALUES ('26060', '85', '25');
INSERT INTO View_Stats (challenge_id, total_views, total_unique_views)
VALUES ('1985', '52', '9');
INSERT INTO View_Stats (challenge_id, total_views, total_unique_views)
VALUES ('8506', '53', '21');
INSERT INTO View_Stats (challenge_id, total_views, total_unique_views)
VALUES ('60564', '62', '18');
INSERT INTO View_Stats (challenge_id, total_views, total_unique_views)
VALUES ('61780', '32', '7');
INSERT INTO View_Stats (challenge_id, total_views, total_unique_views)
VALUES ('46004', '39', '14');
INSERT INTO View_Stats (challenge_id, total_views, total_unique_views)
VALUES ('56459', '38', '14');
INSERT INTO View_Stats (challenge_id, total_views, total_unique_views)
VALUES ('60168', '74', '25');
INSERT INTO View_Stats (challenge_id, total_views, total_unique_views)
VALUES ('41352', '66', '9');
INSERT INTO View_Stats (challenge_id, total_views, total_unique_views)
VALUES ('26992', '93', '22');
INSERT INTO View_Stats (challenge_id, total_views, total_unique_views)
VALUES ('29394', '49', '8');
INSERT INTO View_Stats (challenge_id, total_views, total_unique_views)
VALUES ('38908', '67', '25');
INSERT INTO View_Stats (challenge_id, total_views, total_unique_views)
VALUES ('6089', '60', '16');
INSERT INTO View_Stats (challenge_id, total_views, total_unique_views)
VALUES ('75574', '87', '13');
INSERT INTO View_Stats (challenge_id, total_views, total_unique_views)
VALUES ('91614', '73', '17');
INSERT INTO View_Stats (challenge_id, total_views, total_unique_views)
VALUES ('15029', '74', '20');
INSERT INTO View_Stats (challenge_id, total_views, total_unique_views)
VALUES ('29827', '86', '15');
INSERT INTO View_Stats (challenge_id, total_views, total_unique_views)
VALUES ('64816', '19', '10');
INSERT INTO View_Stats (challenge_id, total_views, total_unique_views)
VALUES ('98194', '85', '7');
INSERT INTO View_Stats (challenge_id, total_views, total_unique_views)
VALUES ('43737', '69', '15');
INSERT INTO View_Stats (challenge_id, total_views, total_unique_views)
VALUES ('39015', '90', '20');
INSERT INTO View_Stats (challenge_id, total_views, total_unique_views)
VALUES ('58949', '69', '6');
INSERT INTO View_Stats (challenge_id, total_views, total_unique_views)
VALUES ('63722', '18', '13');
INSERT INTO View_Stats (challenge_id, total_views, total_unique_views)
VALUES ('27261', '95', '13');
INSERT INTO View_Stats (challenge_id, total_views, total_unique_views)
VALUES ('26060', '39', '14');
INSERT INTO View_Stats (challenge_id, total_views, total_unique_views)
VALUES ('66459', '25', '13');
INSERT INTO View_Stats (challenge_id, total_views, total_unique_views)
VALUES ('54026', '63', '7');
INSERT INTO View_Stats (challenge_id, total_views, total_unique_views)
VALUES ('55184', '43', '18');
INSERT INTO View_Stats (challenge_id, total_views, total_unique_views)
VALUES ('11957', '28', '19');
INSERT INTO View_Stats (challenge_id, total_views, total_unique_views)
VALUES ('64145', '28', '19');
INSERT INTO View_Stats (challenge_id, total_views, total_unique_views)
VALUES ('53523', '53', '8');
INSERT INTO View_Stats (challenge_id, total_views, total_unique_views)
VALUES ('74637', '37', '11');
INSERT INTO View_Stats (challenge_id, total_views, total_unique_views)
VALUES ('8162', '67', '9');
INSERT INTO View_Stats (challenge_id, total_views, total_unique_views)
VALUES ('54617', '35', '18');
INSERT INTO View_Stats (challenge_id, total_views, total_unique_views)
VALUES ('18064', '39', '11');
INSERT INTO View_Stats (challenge_id, total_views, total_unique_views)
VALUES ('38454', '24', '7');
INSERT INTO View_Stats (challenge_id, total_views, total_unique_views)
VALUES ('13640', '37', '11');
INSERT INTO View_Stats (challenge_id, total_views, total_unique_views)
VALUES ('88554', '11', '9');
INSERT INTO View_Stats (challenge_id, total_views, total_unique_views)
VALUES ('63085', '32', '22');
INSERT INTO View_Stats (challenge_id, total_views, total_unique_views)
VALUES ('58121', '23', '17');
INSERT INTO View_Stats (challenge_id, total_views, total_unique_views)
VALUES ('89202', '31', '9');
INSERT INTO View_Stats (challenge_id, total_views, total_unique_views)
VALUES ('65771', '63', '25');
INSERT INTO View_Stats (challenge_id, total_views, total_unique_views)
VALUES ('61286', '45', '24');
INSERT INTO View_Stats (challenge_id, total_views, total_unique_views)
VALUES ('24360', '58', '21');
INSERT INTO View_Stats (challenge_id, total_views, total_unique_views)
VALUES ('25740', '73', '15');
INSERT INTO View_Stats (challenge_id, total_views, total_unique_views)
VALUES ('95549', '90', '13');
INSERT INTO View_Stats (challenge_id, total_views, total_unique_views)
VALUES ('96643', '30', '20');
INSERT INTO View_Stats (challenge_id, total_views, total_unique_views)
VALUES ('773', '80', '24');
INSERT INTO View_Stats (challenge_id, total_views, total_unique_views)
VALUES ('3089', '38', '18');
INSERT INTO View_Stats (challenge_id, total_views, total_unique_views)
VALUES ('27343', '35', '22');
INSERT INTO View_Stats (challenge_id, total_views, total_unique_views)
VALUES ('76262', '28', '19');
INSERT INTO View_Stats (challenge_id, total_views, total_unique_views)
VALUES ('73985', '95', '21');
INSERT INTO View_Stats (challenge_id, total_views, total_unique_views)
VALUES ('34584', '69', '24');
INSERT INTO View_Stats (challenge_id, total_views, total_unique_views)
VALUES ('51026', '89', '18');
INSERT INTO View_Stats (challenge_id, total_views, total_unique_views)
VALUES ('77865', '16', '10');
INSERT INTO View_Stats (challenge_id, total_views, total_unique_views)
VALUES ('59748', '32', '7');
INSERT INTO View_Stats (challenge_id, total_views, total_unique_views)
VALUES ('96987', '11', '8');
INSERT INTO View_Stats (challenge_id, total_views, total_unique_views)
VALUES ('6998', '98', '13');
INSERT INTO View_Stats (challenge_id, total_views, total_unique_views)
VALUES ('77720', '16', '9');
INSERT INTO View_Stats (challenge_id, total_views, total_unique_views)
VALUES ('41547', '51', '23');
INSERT INTO View_Stats (challenge_id, total_views, total_unique_views)
VALUES ('32875', '19', '17');
INSERT INTO View_Stats (challenge_id, total_views, total_unique_views)
VALUES ('77653', '85', '22');
INSERT INTO View_Stats (challenge_id, total_views, total_unique_views)
VALUES ('54102', '17', '16');
INSERT INTO View_Stats (challenge_id, total_views, total_unique_views)
VALUES ('80196', '99', '16');
INSERT INTO View_Stats (challenge_id, total_views, total_unique_views)
VALUES ('492', '40', '25');
INSERT INTO View_Stats (challenge_id, total_views, total_unique_views)
VALUES ('60866', '36', '22');
INSERT INTO View_Stats (challenge_id, total_views, total_unique_views)
VALUES ('67253', '48', '20');
INSERT INTO View_Stats (challenge_id, total_views, total_unique_views)
VALUES ('41547', '75', '20');
INSERT INTO View_Stats (challenge_id, total_views, total_unique_views)
VALUES ('60768', '27', '15');
INSERT INTO View_Stats (challenge_id, total_views, total_unique_views)
VALUES ('66844', '13', '13');
INSERT INTO View_Stats (challenge_id, total_views, total_unique_views)
VALUES ('48386', '42', '20');
INSERT INTO View_Stats (challenge_id, total_views, total_unique_views)
VALUES ('4226', '72', '12');
INSERT INTO View_Stats (challenge_id, total_views, total_unique_views)
VALUES ('93931', '23', '14');
INSERT INTO View_Stats (challenge_id, total_views, total_unique_views)
VALUES ('26364', '39', '22');
INSERT INTO View_Stats (challenge_id, total_views, total_unique_views)
VALUES ('80796', '86', '24');
INSERT INTO View_Stats (challenge_id, total_views, total_unique_views)
VALUES ('64127', '92', '21');
INSERT INTO View_Stats (challenge_id, total_views, total_unique_views)
VALUES ('61780', '84', '10');
INSERT INTO View_Stats (challenge_id, total_views, total_unique_views)
VALUES ('60168', '81', '13');
INSERT INTO View_Stats (challenge_id, total_views, total_unique_views)
VALUES ('77720', '76', '10');
INSERT INTO View_Stats (challenge_id, total_views, total_unique_views)
VALUES ('29166', '29', '15');
INSERT INTO View_Stats (challenge_id, total_views, total_unique_views)
VALUES ('29827', '84', '8');
INSERT INTO View_Stats (challenge_id, total_views, total_unique_views)
VALUES ('87093', '57', '25');
INSERT INTO View_Stats (challenge_id, total_views, total_unique_views)
VALUES ('18544', '69', '16');
INSERT INTO View_Stats (challenge_id, total_views, total_unique_views)
VALUES ('56007', '78', '18');
INSERT INTO View_Stats (challenge_id, total_views, total_unique_views)
VALUES ('16912', '21', '18');
INSERT INTO View_Stats (challenge_id, total_views, total_unique_views)
VALUES ('18207', '22', '9');
INSERT INTO View_Stats (challenge_id, total_views, total_unique_views)
VALUES ('80196', '95', '9');
INSERT INTO View_Stats (challenge_id, total_views, total_unique_views)
VALUES ('23864', '33', '10');
INSERT INTO View_Stats (challenge_id, total_views, total_unique_views)
VALUES ('12107', '18', '12');
INSERT INTO View_Stats (challenge_id, total_views, total_unique_views)
VALUES ('48386', '70', '12');
INSERT INTO View_Stats (challenge_id, total_views, total_unique_views)
VALUES ('83615', '44', '17');
INSERT INTO View_Stats (challenge_id, total_views, total_unique_views)
VALUES ('99833', '27', '8');
INSERT INTO View_Stats (challenge_id, total_views, total_unique_views)
VALUES ('48090', '35', '25');
INSERT INTO View_Stats (challenge_id, total_views, total_unique_views)
VALUES ('80196', '92', '13');
INSERT INTO View_Stats (challenge_id, total_views, total_unique_views)
VALUES ('74637', '21', '20');
INSERT INTO View_Stats (challenge_id, total_views, total_unique_views)
VALUES ('29013', '21', '8');
INSERT INTO View_Stats (challenge_id, total_views, total_unique_views)
VALUES ('2148', '83', '6');
INSERT INTO View_Stats (challenge_id, total_views, total_unique_views)
VALUES ('1681', '35', '17');
INSERT INTO View_Stats (challenge_id, total_views, total_unique_views)
VALUES ('18853', '29', '24');
INSERT INTO View_Stats (challenge_id, total_views, total_unique_views)
VALUES ('52979', '47', '14');
INSERT INTO View_Stats (challenge_id, total_views, total_unique_views)
VALUES ('54008', '58', '22');
INSERT INTO View_Stats (challenge_id, total_views, total_unique_views)
VALUES ('57938', '17', '10');
INSERT INTO View_Stats (challenge_id, total_views, total_unique_views)
VALUES ('88109', '63', '23');
INSERT INTO View_Stats (challenge_id, total_views, total_unique_views)
VALUES ('17394', '21', '13');
INSERT INTO View_Stats (challenge_id, total_views, total_unique_views)
VALUES ('86910', '30', '23');
INSERT INTO View_Stats (challenge_id, total_views, total_unique_views)
VALUES ('41352', '62', '25');
INSERT INTO View_Stats (challenge_id, total_views, total_unique_views)
VALUES ('79792', '16', '16');
INSERT INTO View_Stats (challenge_id, total_views, total_unique_views)
VALUES ('95549', '30', '6');
INSERT INTO View_Stats (challenge_id, total_views, total_unique_views)
VALUES ('85830', '92', '21');
INSERT INTO View_Stats (challenge_id, total_views, total_unique_views)
VALUES ('2438', '21', '19');
INSERT INTO View_Stats (challenge_id, total_views, total_unique_views)
VALUES ('37332', '41', '21');
INSERT INTO View_Stats (challenge_id, total_views, total_unique_views)
VALUES ('85817', '10', '8');
INSERT INTO View_Stats (challenge_id, total_views, total_unique_views)
VALUES ('86703', '25', '22');
INSERT INTO View_Stats (challenge_id, total_views, total_unique_views)
VALUES ('86015', '47', '25');
INSERT INTO View_Stats (challenge_id, total_views, total_unique_views)
VALUES ('70053', '19', '13');
INSERT INTO View_Stats (challenge_id, total_views, total_unique_views)
VALUES ('66400', '58', '14');
INSERT INTO View_Stats (challenge_id, total_views, total_unique_views)
VALUES ('92227', '65', '23');
INSERT INTO View_Stats (challenge_id, total_views, total_unique_views)
VALUES ('74744', '38', '25');
INSERT INTO View_Stats (challenge_id, total_views, total_unique_views)
VALUES ('2189', '21', '21');
INSERT INTO View_Stats (challenge_id, total_views, total_unique_views)
VALUES ('11188', '40', '10');
INSERT INTO View_Stats (challenge_id, total_views, total_unique_views)
VALUES ('85592', '53', '22');
INSERT INTO View_Stats (challenge_id, total_views, total_unique_views)
VALUES ('49324', '33', '14');
INSERT INTO View_Stats (challenge_id, total_views, total_unique_views)
VALUES ('70518', '48', '10');
INSERT INTO View_Stats (challenge_id, total_views, total_unique_views)
VALUES ('7803', '35', '18');
INSERT INTO View_Stats (challenge_id, total_views, total_unique_views)
VALUES ('56222', '79', '10');
INSERT INTO View_Stats (challenge_id, total_views, total_unique_views)
VALUES ('82091', '41', '23');
INSERT INTO View_Stats (challenge_id, total_views, total_unique_views)
VALUES ('62026', '26', '25');
INSERT INTO View_Stats (challenge_id, total_views, total_unique_views)
VALUES ('69516', '8', '8');
INSERT INTO View_Stats (challenge_id, total_views, total_unique_views)
VALUES ('7803', '66', '25');
INSERT INTO View_Stats (challenge_id, total_views, total_unique_views)
VALUES ('45962', '54', '8');
INSERT INTO View_Stats (challenge_id, total_views, total_unique_views)
VALUES ('492', '84', '17');
INSERT INTO View_Stats (challenge_id, total_views, total_unique_views)
VALUES ('62475', '34', '18');
INSERT INTO View_Stats (challenge_id, total_views, total_unique_views)
VALUES ('31587', '69', '25');
INSERT INTO View_Stats (challenge_id, total_views, total_unique_views)
VALUES ('13951', '97', '11');
INSERT INTO View_Stats (challenge_id, total_views, total_unique_views)
VALUES ('62905', '53', '20');
INSERT INTO View_Stats (challenge_id, total_views, total_unique_views)
VALUES ('72172', '33', '24');
INSERT INTO View_Stats (challenge_id, total_views, total_unique_views)
VALUES ('84426', '74', '15');
INSERT INTO View_Stats (challenge_id, total_views, total_unique_views)
VALUES ('26364', '15', '11');
INSERT INTO View_Stats (challenge_id, total_views, total_unique_views)
VALUES ('41347', '65', '16');
INSERT INTO View_Stats (challenge_id, total_views, total_unique_views)
VALUES ('75096', '48', '19');
INSERT INTO View_Stats (challenge_id, total_views, total_unique_views)
VALUES ('50676', '29', '18');
INSERT INTO View_Stats (challenge_id, total_views, total_unique_views)
VALUES ('38045', '48', '24');
INSERT INTO View_Stats (challenge_id, total_views, total_unique_views)
VALUES ('54052', '36', '25');
INSERT INTO View_Stats (challenge_id, total_views, total_unique_views)
VALUES ('76707', '37', '9');
INSERT INTO View_Stats (challenge_id, total_views, total_unique_views)
VALUES ('10865', '52', '23');
INSERT INTO View_Stats (challenge_id, total_views, total_unique_views)
VALUES ('29827', '89', '22');
INSERT INTO View_Stats (challenge_id, total_views, total_unique_views)
VALUES ('34584', '24', '13');
INSERT INTO View_Stats (challenge_id, total_views, total_unique_views)
VALUES ('45157', '21', '18');
INSERT INTO View_Stats (challenge_id, total_views, total_unique_views)
VALUES ('42773', '81', '20');
INSERT INTO View_Stats (challenge_id, total_views, total_unique_views)
VALUES ('18307', '34', '17');
INSERT INTO View_Stats (challenge_id, total_views, total_unique_views)
VALUES ('5638', '23', '9');
INSERT INTO View_Stats (challenge_id, total_views, total_unique_views)
VALUES ('35051', '49', '24');
INSERT INTO View_Stats (challenge_id, total_views, total_unique_views)
VALUES ('69422', '34', '20');
INSERT INTO View_Stats (challenge_id, total_views, total_unique_views)
VALUES ('84585', '16', '15');
INSERT INTO View_Stats (challenge_id, total_views, total_unique_views)
VALUES ('57939', '49', '25');
INSERT INTO View_Stats (challenge_id, total_views, total_unique_views)
VALUES ('76080', '29', '23');
INSERT INTO View_Stats (challenge_id, total_views, total_unique_views)
VALUES ('7848', '71', '17');
INSERT INTO View_Stats (challenge_id, total_views, total_unique_views)
VALUES ('37509', '31', '8');
INSERT INTO View_Stats (challenge_id, total_views, total_unique_views)
VALUES ('8506', '61', '18');
INSERT INTO View_Stats (challenge_id, total_views, total_unique_views)
VALUES ('70598', '91', '25');
INSERT INTO View_Stats (challenge_id, total_views, total_unique_views)
VALUES ('145', '50', '14');
INSERT INTO View_Stats (challenge_id, total_views, total_unique_views)
VALUES ('17394', '24', '21');
INSERT INTO View_Stats (challenge_id, total_views, total_unique_views)
VALUES ('49107', '62', '21');
INSERT INTO View_Stats (challenge_id, total_views, total_unique_views)
VALUES ('48090', '34', '21');
INSERT INTO View_Stats (challenge_id, total_views, total_unique_views)
VALUES ('92138', '51', '16');
INSERT INTO View_Stats (challenge_id, total_views, total_unique_views)
VALUES ('4247', '24', '23');
INSERT INTO View_Stats (challenge_id, total_views, total_unique_views)
VALUES ('85830', '14', '12');
INSERT INTO View_Stats (challenge_id, total_views, total_unique_views)
VALUES ('14724', '23', '23');
INSERT INTO View_Stats (challenge_id, total_views, total_unique_views)
VALUES ('36159', '20', '17');
INSERT INTO View_Stats (challenge_id, total_views, total_unique_views)
VALUES ('69136', '50', '15');
INSERT INTO View_Stats (challenge_id, total_views, total_unique_views)
VALUES ('74710', '27', '20');
INSERT INTO View_Stats (challenge_id, total_views, total_unique_views)
VALUES ('73231', '89', '8');
INSERT INTO View_Stats (challenge_id, total_views, total_unique_views)
VALUES ('50040', '85', '17');
INSERT INTO View_Stats (challenge_id, total_views, total_unique_views)
VALUES ('99833', '14', '8');
INSERT INTO View_Stats (challenge_id, total_views, total_unique_views)
VALUES ('28475', '26', '22');
INSERT INTO View_Stats (challenge_id, total_views, total_unique_views)
VALUES ('51019', '63', '21');
INSERT INTO View_Stats (challenge_id, total_views, total_unique_views)
VALUES ('64665', '31', '22');
INSERT INTO View_Stats (challenge_id, total_views, total_unique_views)
VALUES ('57310', '37', '6');
INSERT INTO View_Stats (challenge_id, total_views, total_unique_views)
VALUES ('3625', '30', '21');
INSERT INTO View_Stats (challenge_id, total_views, total_unique_views)
VALUES ('34336', '42', '21');
INSERT INTO View_Stats (challenge_id, total_views, total_unique_views)
VALUES ('82106', '60', '8');
INSERT INTO View_Stats (challenge_id, total_views, total_unique_views)
VALUES ('71397', '26', '6');
INSERT INTO View_Stats (challenge_id, total_views, total_unique_views)
VALUES ('98842', '84', '21');
INSERT INTO View_Stats (challenge_id, total_views, total_unique_views)
VALUES ('60407', '30', '22');
INSERT INTO View_Stats (challenge_id, total_views, total_unique_views)
VALUES ('70035', '72', '15');
INSERT INTO View_Stats (challenge_id, total_views, total_unique_views)
VALUES ('42445', '28', '17');
INSERT INTO View_Stats (challenge_id, total_views, total_unique_views)
VALUES ('90147', '39', '11');
INSERT INTO View_Stats (challenge_id, total_views, total_unique_views)
VALUES ('39304', '85', '8');
INSERT INTO View_Stats (challenge_id, total_views, total_unique_views)
VALUES ('8897', '55', '9');
INSERT INTO View_Stats (challenge_id, total_views, total_unique_views)
VALUES ('75933', '52', '19');
INSERT INTO View_Stats (challenge_id, total_views, total_unique_views)
VALUES ('62131', '33', '11');
INSERT INTO View_Stats (challenge_id, total_views, total_unique_views)
VALUES ('94847', '31', '16');
INSERT INTO View_Stats (challenge_id, total_views, total_unique_views)
VALUES ('6998', '28', '7');
INSERT INTO View_Stats (challenge_id, total_views, total_unique_views)
VALUES ('6095', '56', '9');
INSERT INTO View_Stats (challenge_id, total_views, total_unique_views)
VALUES ('15869', '24', '11');
INSERT INTO View_Stats (challenge_id, total_views, total_unique_views)
VALUES ('26345', '9', '8');
INSERT INTO View_Stats (challenge_id, total_views, total_unique_views)
VALUES ('56666', '60', '11');
INSERT INTO View_Stats (challenge_id, total_views, total_unique_views)
VALUES ('31347', '82', '15');
INSERT INTO View_Stats (challenge_id, total_views, total_unique_views)
VALUES ('38430', '96', '10');
INSERT INTO View_Stats (challenge_id, total_views, total_unique_views)
VALUES ('52918', '42', '8');
INSERT INTO View_Stats (challenge_id, total_views, total_unique_views)
VALUES ('77725', '40', '16');
INSERT INTO View_Stats (challenge_id, total_views, total_unique_views)
VALUES ('95030', '29', '17');
INSERT INTO View_Stats (challenge_id, total_views, total_unique_views)
VALUES ('19683', '16', '13');
INSERT INTO View_Stats (challenge_id, total_views, total_unique_views)
VALUES ('85665', '56', '14');
INSERT INTO View_Stats (challenge_id, total_views, total_unique_views)
VALUES ('63832', '23', '20');
INSERT INTO View_Stats (challenge_id, total_views, total_unique_views)
VALUES ('92288', '46', '10');
INSERT INTO View_Stats (challenge_id, total_views, total_unique_views)
VALUES ('28620', '19', '10');
INSERT INTO View_Stats (challenge_id, total_views, total_unique_views)
VALUES ('55147', '80', '17');
INSERT INTO View_Stats (challenge_id, total_views, total_unique_views)
VALUES ('30164', '39', '11');
INSERT INTO View_Stats (challenge_id, total_views, total_unique_views)
VALUES ('96135', '47', '16');
INSERT INTO View_Stats (challenge_id, total_views, total_unique_views)
VALUES ('11411', '75', '9');
INSERT INTO View_Stats (challenge_id, total_views, total_unique_views)
VALUES ('15152', '84', '7');
INSERT INTO View_Stats (challenge_id, total_views, total_unique_views)
VALUES ('33090', '59', '11');
INSERT INTO View_Stats (challenge_id, total_views, total_unique_views)
VALUES ('95546', '26', '20');
INSERT INTO View_Stats (challenge_id, total_views, total_unique_views)
VALUES ('49324', '67', '11');
INSERT INTO View_Stats (challenge_id, total_views, total_unique_views)
VALUES ('54383', '34', '6');
INSERT INTO View_Stats (challenge_id, total_views, total_unique_views)
VALUES ('18354', '38', '23');
INSERT INTO View_Stats (challenge_id, total_views, total_unique_views)
VALUES ('24078', '98', '20');
INSERT INTO View_Stats (challenge_id, total_views, total_unique_views)
VALUES ('92288', '24', '13');
INSERT INTO View_Stats (challenge_id, total_views, total_unique_views)
VALUES ('75535', '85', '15');
INSERT INTO View_Stats (challenge_id, total_views, total_unique_views)
VALUES ('23119', '74', '18');
INSERT INTO View_Stats (challenge_id, total_views, total_unique_views)
VALUES ('8870', '91', '11');
INSERT INTO View_Stats (challenge_id, total_views, total_unique_views)
VALUES ('83451', '42', '22');
INSERT INTO View_Stats (challenge_id, total_views, total_unique_views)
VALUES ('38430', '21', '8');
INSERT INTO View_Stats (challenge_id, total_views, total_unique_views)
VALUES ('59439', '23', '17');
INSERT INTO View_Stats (challenge_id, total_views, total_unique_views)
VALUES ('35776', '23', '16');
INSERT INTO View_Stats (challenge_id, total_views, total_unique_views)
VALUES ('45549', '66', '13');
INSERT INTO View_Stats (challenge_id, total_views, total_unique_views)
VALUES ('18655', '52', '16');
INSERT INTO View_Stats (challenge_id, total_views, total_unique_views)
VALUES ('48090', '10', '6');
INSERT INTO View_Stats (challenge_id, total_views, total_unique_views)
VALUES ('5737', '52', '18');
INSERT INTO View_Stats (challenge_id, total_views, total_unique_views)
VALUES ('8162', '59', '21');
INSERT INTO View_Stats (challenge_id, total_views, total_unique_views)
VALUES ('73516', '15', '10');
INSERT INTO View_Stats (challenge_id, total_views, total_unique_views)
VALUES ('46128', '73', '14');
INSERT INTO View_Stats (challenge_id, total_views, total_unique_views)
VALUES ('13164', '65', '7');
INSERT INTO View_Stats (challenge_id, total_views, total_unique_views)
VALUES ('3019', '60', '13');
INSERT INTO View_Stats (challenge_id, total_views, total_unique_views)
VALUES ('68920', '75', '25');
INSERT INTO View_Stats (challenge_id, total_views, total_unique_views)
VALUES ('86584', '97', '17');
INSERT INTO View_Stats (challenge_id, total_views, total_unique_views)
VALUES ('69190', '53', '12');
INSERT INTO View_Stats (challenge_id, total_views, total_unique_views)
VALUES ('46004', '97', '10');
INSERT INTO View_Stats (challenge_id, total_views, total_unique_views)
VALUES ('99661', '65', '9');
INSERT INTO View_Stats (challenge_id, total_views, total_unique_views)
VALUES ('95030', '47', '14');
INSERT INTO View_Stats (challenge_id, total_views, total_unique_views)
VALUES ('62471', '27', '9');
INSERT INTO View_Stats (challenge_id, total_views, total_unique_views)
VALUES ('73813', '59', '18');
INSERT INTO View_Stats (challenge_id, total_views, total_unique_views)
VALUES ('98509', '26', '13');
INSERT INTO View_Stats (challenge_id, total_views, total_unique_views)
VALUES ('53328', '38', '23');
INSERT INTO View_Stats (challenge_id, total_views, total_unique_views)
VALUES ('51026', '8', '6');
INSERT INTO View_Stats (challenge_id, total_views, total_unique_views)
VALUES ('66844', '55', '18');
INSERT INTO View_Stats (challenge_id, total_views, total_unique_views)
VALUES ('829', '33', '25');
INSERT INTO View_Stats (challenge_id, total_views, total_unique_views)
VALUES ('37260', '32', '24');
INSERT INTO View_Stats (challenge_id, total_views, total_unique_views)
VALUES ('57206', '13', '7');
INSERT INTO View_Stats (challenge_id, total_views, total_unique_views)
VALUES ('43693', '13', '12');
INSERT INTO View_Stats (challenge_id, total_views, total_unique_views)
VALUES ('17015', '90', '20');
INSERT INTO View_Stats (challenge_id, total_views, total_unique_views)
VALUES ('73603', '12', '8');
INSERT INTO View_Stats (challenge_id, total_views, total_unique_views)
VALUES ('40130', '39', '25');
INSERT INTO View_Stats (challenge_id, total_views, total_unique_views)
VALUES ('4698', '65', '24');
INSERT INTO View_Stats (challenge_id, total_views, total_unique_views)
VALUES ('65343', '26', '14');
INSERT INTO View_Stats (challenge_id, total_views, total_unique_views)
VALUES ('37426', '62', '13');
INSERT INTO View_Stats (challenge_id, total_views, total_unique_views)
VALUES ('57397', '44', '17');
INSERT INTO View_Stats (challenge_id, total_views, total_unique_views)
VALUES ('83615', '38', '23');
INSERT INTO View_Stats (challenge_id, total_views, total_unique_views)
VALUES ('94541', '35', '18');
INSERT INTO View_Stats (challenge_id, total_views, total_unique_views)
VALUES ('26345', '18', '10');
INSERT INTO View_Stats (challenge_id, total_views, total_unique_views)
VALUES ('41268', '79', '16');
INSERT INTO View_Stats (challenge_id, total_views, total_unique_views)
VALUES ('88008', '30', '9');
INSERT INTO View_Stats (challenge_id, total_views, total_unique_views)
VALUES ('94541', '78', '22');
INSERT INTO View_Stats (challenge_id, total_views, total_unique_views)
VALUES ('4266', '95', '20');
INSERT INTO View_Stats (challenge_id, total_views, total_unique_views)
VALUES ('1979', '22', '18');
INSERT INTO View_Stats (challenge_id, total_views, total_unique_views)
VALUES ('84130', '37', '23');
INSERT INTO View_Stats (challenge_id, total_views, total_unique_views)
VALUES ('33674', '35', '24');
INSERT INTO View_Stats (challenge_id, total_views, total_unique_views)
VALUES ('18636', '43', '10');
INSERT INTO View_Stats (challenge_id, total_views, total_unique_views)
VALUES ('45549', '9', '6');
INSERT INTO View_Stats (challenge_id, total_views, total_unique_views)
VALUES ('63831', '84', '20');
INSERT INTO View_Stats (challenge_id, total_views, total_unique_views)
VALUES ('3001', '74', '10');
INSERT INTO View_Stats (challenge_id, total_views, total_unique_views)
VALUES ('59607', '96', '13');
INSERT INTO View_Stats (challenge_id, total_views, total_unique_views)
VALUES ('94408', '39', '23');
INSERT INTO View_Stats (challenge_id, total_views, total_unique_views)
VALUES ('60777', '64', '24');
INSERT INTO View_Stats (challenge_id, total_views, total_unique_views)
VALUES ('17134', '85', '9');
INSERT INTO View_Stats (challenge_id, total_views, total_unique_views)
VALUES ('4393', '35', '19');
INSERT INTO View_Stats (challenge_id, total_views, total_unique_views)
VALUES ('3198', '47', '15');
INSERT INTO View_Stats (challenge_id, total_views, total_unique_views)
VALUES ('73017', '58', '25');
INSERT INTO View_Stats (challenge_id, total_views, total_unique_views)
VALUES ('9442', '97', '21');
INSERT INTO View_Stats (challenge_id, total_views, total_unique_views)
VALUES ('10258', '94', '23');
INSERT INTO View_Stats (challenge_id, total_views, total_unique_views)
VALUES ('74920', '98', '7');
INSERT INTO View_Stats (challenge_id, total_views, total_unique_views)
VALUES ('66459', '79', '24');
INSERT INTO View_Stats (challenge_id, total_views, total_unique_views)
VALUES ('99833', '59', '12');
INSERT INTO View_Stats (challenge_id, total_views, total_unique_views)
VALUES ('21265', '24', '13');
INSERT INTO View_Stats (challenge_id, total_views, total_unique_views)
VALUES ('90147', '75', '17');
INSERT INTO View_Stats (challenge_id, total_views, total_unique_views)
VALUES ('94288', '31', '17');
INSERT INTO View_Stats (challenge_id, total_views, total_unique_views)
VALUES ('30164', '43', '18');
INSERT INTO View_Stats (challenge_id, total_views, total_unique_views)
VALUES ('1322', '31', '22');
INSERT INTO View_Stats (challenge_id, total_views, total_unique_views)
VALUES ('12575', '89', '25');
INSERT INTO View_Stats (challenge_id, total_views, total_unique_views)
VALUES ('45559', '84', '8');
INSERT INTO View_Stats (challenge_id, total_views, total_unique_views)
VALUES ('38037', '15', '14');
INSERT INTO View_Stats (challenge_id, total_views, total_unique_views)
VALUES ('51689', '63', '7');
INSERT INTO View_Stats (challenge_id, total_views, total_unique_views)
VALUES ('41278', '19', '14');
INSERT INTO View_Stats (challenge_id, total_views, total_unique_views)
VALUES ('276', '33', '25');
INSERT INTO View_Stats (challenge_id, total_views, total_unique_views)
VALUES ('42087', '32', '22');
INSERT INTO View_Stats (challenge_id, total_views, total_unique_views)
VALUES ('75441', '90', '10');
INSERT INTO View_Stats (challenge_id, total_views, total_unique_views)
VALUES ('76122', '38', '14');
INSERT INTO View_Stats (challenge_id, total_views, total_unique_views)
VALUES ('15152', '16', '13');
INSERT INTO View_Stats (challenge_id, total_views, total_unique_views)
VALUES ('31456', '68', '13');
INSERT INTO View_Stats (challenge_id, total_views, total_unique_views)
VALUES ('45332', '41', '6');
INSERT INTO View_Stats (challenge_id, total_views, total_unique_views)
VALUES ('87055', '37', '25');
INSERT INTO View_Stats (challenge_id, total_views, total_unique_views)
VALUES ('80579', '50', '20');
INSERT INTO View_Stats (challenge_id, total_views, total_unique_views)
VALUES ('96987', '40', '21');
INSERT INTO View_Stats (challenge_id, total_views, total_unique_views)
VALUES ('1183', '56', '12');
INSERT INTO View_Stats (challenge_id, total_views, total_unique_views)
VALUES ('52594', '90', '24');
INSERT INTO View_Stats (challenge_id, total_views, total_unique_views)
VALUES ('36193', '95', '25');
INSERT INTO View_Stats (challenge_id, total_views, total_unique_views)
VALUES ('13535', '93', '16');
INSERT INTO View_Stats (challenge_id, total_views, total_unique_views)
VALUES ('44722', '82', '25');
INSERT INTO View_Stats (challenge_id, total_views, total_unique_views)
VALUES ('65789', '41', '9');
INSERT INTO View_Stats (challenge_id, total_views, total_unique_views)
VALUES ('91614', '94', '24');
INSERT INTO View_Stats (challenge_id, total_views, total_unique_views)
VALUES ('73741', '66', '17');
INSERT INTO View_Stats (challenge_id, total_views, total_unique_views)
VALUES ('52918', '91', '10');
INSERT INTO View_Stats (challenge_id, total_views, total_unique_views)
VALUES ('22553', '26', '25');
INSERT INTO View_Stats (challenge_id, total_views, total_unique_views)
VALUES ('85729', '8', '7');
INSERT INTO View_Stats (challenge_id, total_views, total_unique_views)
VALUES ('18956', '60', '11');
INSERT INTO View_Stats (challenge_id, total_views, total_unique_views)
VALUES ('21265', '96', '8');
INSERT INTO View_Stats (challenge_id, total_views, total_unique_views)
VALUES ('5638', '16', '12');
INSERT INTO View_Stats (challenge_id, total_views, total_unique_views)
VALUES ('42478', '21', '15');
INSERT INTO View_Stats (challenge_id, total_views, total_unique_views)
VALUES ('14724', '30', '19');
INSERT INTO View_Stats (challenge_id, total_views, total_unique_views)
VALUES ('16348', '68', '11');
INSERT INTO View_Stats (challenge_id, total_views, total_unique_views)
VALUES ('12575', '24', '21');
INSERT INTO View_Stats (challenge_id, total_views, total_unique_views)
VALUES ('44829', '19', '9');
INSERT INTO View_Stats (challenge_id, total_views, total_unique_views)
VALUES ('5158', '34', '23');
INSERT INTO View_Stats (challenge_id, total_views, total_unique_views)
VALUES ('63026', '9', '6');
INSERT INTO View_Stats (challenge_id, total_views, total_unique_views)
VALUES ('47897', '21', '7');
INSERT INTO View_Stats (challenge_id, total_views, total_unique_views)
VALUES ('39888', '72', '23');
INSERT INTO View_Stats (challenge_id, total_views, total_unique_views)
VALUES ('90680', '79', '25');
INSERT INTO View_Stats (challenge_id, total_views, total_unique_views)
VALUES ('92156', '16', '7');
INSERT INTO View_Stats (challenge_id, total_views, total_unique_views)
VALUES ('34333', '48', '12');
INSERT INTO View_Stats (challenge_id, total_views, total_unique_views)
VALUES ('54206', '41', '12');
INSERT INTO View_Stats (challenge_id, total_views, total_unique_views)
VALUES ('2775', '69', '21');
INSERT INTO View_Stats (challenge_id, total_views, total_unique_views)
VALUES ('59414', '30', '20');
INSERT INTO View_Stats (challenge_id, total_views, total_unique_views)
VALUES ('62911', '48', '18');
INSERT INTO View_Stats (challenge_id, total_views, total_unique_views)
VALUES ('36159', '52', '9');
INSERT INTO View_Stats (challenge_id, total_views, total_unique_views)
VALUES ('18633', '64', '9');
INSERT INTO View_Stats (challenge_id, total_views, total_unique_views)
VALUES ('43868', '91', '7');
INSERT INTO View_Stats (challenge_id, total_views, total_unique_views)
VALUES ('92843', '65', '14');
INSERT INTO View_Stats (challenge_id, total_views, total_unique_views)
VALUES ('78498', '99', '7');
INSERT INTO View_Stats (challenge_id, total_views, total_unique_views)
VALUES ('41261', '34', '9');
INSERT INTO View_Stats (challenge_id, total_views, total_unique_views)
VALUES ('41871', '91', '24');
INSERT INTO View_Stats (challenge_id, total_views, total_unique_views)
VALUES ('97427', '29', '9');
INSERT INTO View_Stats (challenge_id, total_views, total_unique_views)
VALUES ('98729', '47', '7');
INSERT INTO View_Stats (challenge_id, total_views, total_unique_views)
VALUES ('49942', '60', '23');
INSERT INTO View_Stats (challenge_id, total_views, total_unique_views)
VALUES ('21326', '37', '17');
INSERT INTO View_Stats (challenge_id, total_views, total_unique_views)
VALUES ('2682', '13', '12');
INSERT INTO View_Stats (challenge_id, total_views, total_unique_views)
VALUES ('38454', '70', '22');
INSERT INTO View_Stats (challenge_id, total_views, total_unique_views)
VALUES ('3260', '41', '9');
INSERT INTO View_Stats (challenge_id, total_views, total_unique_views)
VALUES ('60201', '84', '12');
INSERT INTO View_Stats (challenge_id, total_views, total_unique_views)
VALUES ('5880', '47', '13');
INSERT INTO View_Stats (challenge_id, total_views, total_unique_views)
VALUES ('24750', '45', '23');
INSERT INTO View_Stats (challenge_id, total_views, total_unique_views)
VALUES ('28859', '23', '7');
INSERT INTO View_Stats (challenge_id, total_views, total_unique_views)
VALUES ('4850', '54', '11');
INSERT INTO View_Stats (challenge_id, total_views, total_unique_views)
VALUES ('5737', '48', '7');
INSERT INTO View_Stats (challenge_id, total_views, total_unique_views)
VALUES ('93931', '82', '9');
INSERT INTO View_Stats (challenge_id, total_views, total_unique_views)
VALUES ('99851', '81', '13');
INSERT INTO View_Stats (challenge_id, total_views, total_unique_views)
VALUES ('17596', '92', '21');
INSERT INTO View_Stats (challenge_id, total_views, total_unique_views)
VALUES ('77290', '89', '19');
INSERT INTO View_Stats (challenge_id, total_views, total_unique_views)
VALUES ('29037', '67', '8');
INSERT INTO View_Stats (challenge_id, total_views, total_unique_views)
VALUES ('64281', '63', '14');
INSERT INTO View_Stats (challenge_id, total_views, total_unique_views)
VALUES ('68414', '93', '16');
INSERT INTO View_Stats (challenge_id, total_views, total_unique_views)
VALUES ('4449', '43', '12');
INSERT INTO View_Stats (challenge_id, total_views, total_unique_views)
VALUES ('62131', '14', '10');
INSERT INTO View_Stats (challenge_id, total_views, total_unique_views)
VALUES ('66001', '78', '13');
INSERT INTO View_Stats (challenge_id, total_views, total_unique_views)
VALUES ('38908', '78', '11');
INSERT INTO View_Stats (challenge_id, total_views, total_unique_views)
VALUES ('42445', '78', '8');
INSERT INTO View_Stats (challenge_id, total_views, total_unique_views)
VALUES ('27280', '44', '16');
INSERT INTO View_Stats (challenge_id, total_views, total_unique_views)
VALUES ('1985', '57', '19');
INSERT INTO View_Stats (challenge_id, total_views, total_unique_views)
VALUES ('41268', '11', '11');
INSERT INTO View_Stats (challenge_id, total_views, total_unique_views)
VALUES ('7417', '73', '11');
INSERT INTO View_Stats (challenge_id, total_views, total_unique_views)
VALUES ('8347', '76', '14');
INSERT INTO View_Stats (challenge_id, total_views, total_unique_views)
VALUES ('85729', '29', '24');
INSERT INTO View_Stats (challenge_id, total_views, total_unique_views)
VALUES ('42387', '33', '17');
INSERT INTO View_Stats (challenge_id, total_views, total_unique_views)
VALUES ('86798', '47', '25');
INSERT INTO View_Stats (challenge_id, total_views, total_unique_views)
VALUES ('83451', '46', '16');
INSERT INTO View_Stats (challenge_id, total_views, total_unique_views)
VALUES ('39181', '20', '16');
INSERT INTO View_Stats (challenge_id, total_views, total_unique_views)
VALUES ('85048', '63', '18');
INSERT INTO View_Stats (challenge_id, total_views, total_unique_views)
VALUES ('41278', '80', '11');
INSERT INTO View_Stats (challenge_id, total_views, total_unique_views)
VALUES ('7962', '18', '15');
INSERT INTO View_Stats (challenge_id, total_views, total_unique_views)
VALUES ('1526', '20', '20');
INSERT INTO View_Stats (challenge_id, total_views, total_unique_views)
VALUES ('58673', '25', '10');
INSERT INTO View_Stats (challenge_id, total_views, total_unique_views)
VALUES ('9442', '92', '7');
INSERT INTO View_Stats (challenge_id, total_views, total_unique_views)
VALUES ('17603', '99', '17');
INSERT INTO View_Stats (challenge_id, total_views, total_unique_views)
VALUES ('4750', '86', '22');
INSERT INTO View_Stats (challenge_id, total_views, total_unique_views)
VALUES ('42877', '21', '9');
INSERT INTO View_Stats (challenge_id, total_views, total_unique_views)
VALUES ('6377', '18', '8');
INSERT INTO View_Stats (challenge_id, total_views, total_unique_views)
VALUES ('39388', '66', '23');
INSERT INTO View_Stats (challenge_id, total_views, total_unique_views)
VALUES ('92697', '59', '13');
INSERT INTO View_Stats (challenge_id, total_views, total_unique_views)
VALUES ('61110', '67', '13');
INSERT INTO View_Stats (challenge_id, total_views, total_unique_views)
VALUES ('64311', '37', '11');
INSERT INTO View_Stats (challenge_id, total_views, total_unique_views)
VALUES ('60874', '41', '8');
INSERT INTO View_Stats (challenge_id, total_views, total_unique_views)
VALUES ('79542', '26', '22');
INSERT INTO View_Stats (challenge_id, total_views, total_unique_views)
VALUES ('34333', '18', '14');
INSERT INTO View_Stats (challenge_id, total_views, total_unique_views)
VALUES ('14308', '97', '14');
INSERT INTO View_Stats (challenge_id, total_views, total_unique_views)
VALUES ('35608', '33', '22');
INSERT INTO View_Stats (challenge_id, total_views, total_unique_views)
VALUES ('31004', '44', '13');
INSERT INTO View_Stats (challenge_id, total_views, total_unique_views)
VALUES ('12906', '34', '23');
INSERT INTO View_Stats (challenge_id, total_views, total_unique_views)
VALUES ('13951', '67', '20');
INSERT INTO View_Stats (challenge_id, total_views, total_unique_views)
VALUES ('4768', '37', '18');
INSERT INTO View_Stats (challenge_id, total_views, total_unique_views)
VALUES ('76562', '33', '19');
INSERT INTO View_Stats (challenge_id, total_views, total_unique_views)
VALUES ('29013', '80', '20');
INSERT INTO View_Stats (challenge_id, total_views, total_unique_views)
VALUES ('86584', '48', '22');
INSERT INTO View_Stats (challenge_id, total_views, total_unique_views)
VALUES ('79236', '93', '20');
INSERT INTO View_Stats (challenge_id, total_views, total_unique_views)
VALUES ('22938', '60', '18');
INSERT INTO View_Stats (challenge_id, total_views, total_unique_views)
VALUES ('2775', '38', '23');
INSERT INTO View_Stats (challenge_id, total_views, total_unique_views)
VALUES ('85662', '28', '15');
INSERT INTO View_Stats (challenge_id, total_views, total_unique_views)
VALUES ('86584', '36', '12');
INSERT INTO View_Stats (challenge_id, total_views, total_unique_views)
VALUES ('86334', '74', '21');
INSERT INTO View_Stats (challenge_id, total_views, total_unique_views)
VALUES ('57804', '52', '9');
INSERT INTO View_Stats (challenge_id, total_views, total_unique_views)
VALUES ('92799', '58', '11');
INSERT INTO View_Stats (challenge_id, total_views, total_unique_views)
VALUES ('70293', '80', '17');
INSERT INTO View_Stats (challenge_id, total_views, total_unique_views)
VALUES ('89202', '66', '21');
INSERT INTO View_Stats (challenge_id, total_views, total_unique_views)
VALUES ('94541', '69', '24');
INSERT INTO View_Stats (challenge_id, total_views, total_unique_views)
VALUES ('1827', '31', '18');
INSERT INTO View_Stats (challenge_id, total_views, total_unique_views)
VALUES ('49376', '38', '24');
INSERT INTO View_Stats (challenge_id, total_views, total_unique_views)
VALUES ('45776', '32', '24');
INSERT INTO View_Stats (challenge_id, total_views, total_unique_views)
VALUES ('15521', '65', '0');


-- Submission_Stats
DROP TABLE Submission_Stats;

CREATE TABLE Submission_Stats (
	challenge_id INT,
	total_submissions INT,
	total_accepted_submissions INT
);

INSERT INTO Submission_Stats (challenge_id, total_submissions, total_accepted_submissions)
VALUES ('59384', '48', '8');
INSERT INTO Submission_Stats (challenge_id, total_submissions, total_accepted_submissions)
VALUES ('59563', '45', '25');
INSERT INTO Submission_Stats (challenge_id, total_submissions, total_accepted_submissions)
VALUES ('85817', '24', '20');
INSERT INTO Submission_Stats (challenge_id, total_submissions, total_accepted_submissions)
VALUES ('4393', '80', '8');
INSERT INTO Submission_Stats (challenge_id, total_submissions, total_accepted_submissions)
VALUES ('48713', '32', '19');
INSERT INTO Submission_Stats (challenge_id, total_submissions, total_accepted_submissions)
VALUES ('60192', '11', '10');
INSERT INTO Submission_Stats (challenge_id, total_submissions, total_accepted_submissions)
VALUES ('95549', '46', '23');
INSERT INTO Submission_Stats (challenge_id, total_submissions, total_accepted_submissions)
VALUES ('18823', '12', '11');
INSERT INTO Submission_Stats (challenge_id, total_submissions, total_accepted_submissions)
VALUES ('60703', '39', '11');
INSERT INTO Submission_Stats (challenge_id, total_submissions, total_accepted_submissions)
VALUES ('43737', '42', '8');
INSERT INTO Submission_Stats (challenge_id, total_submissions, total_accepted_submissions)
VALUES ('70043', '64', '23');
INSERT INTO Submission_Stats (challenge_id, total_submissions, total_accepted_submissions)
VALUES ('12705', '89', '22');
INSERT INTO Submission_Stats (challenge_id, total_submissions, total_accepted_submissions)
VALUES ('46306', '69', '20');
INSERT INTO Submission_Stats (challenge_id, total_submissions, total_accepted_submissions)
VALUES ('7804', '87', '15');
INSERT INTO Submission_Stats (challenge_id, total_submissions, total_accepted_submissions)
VALUES ('47158', '60', '13');
INSERT INTO Submission_Stats (challenge_id, total_submissions, total_accepted_submissions)
VALUES ('94408', '82', '20');
INSERT INTO Submission_Stats (challenge_id, total_submissions, total_accepted_submissions)
VALUES ('82106', '28', '24');
INSERT INTO Submission_Stats (challenge_id, total_submissions, total_accepted_submissions)
VALUES ('54752', '82', '6');
INSERT INTO Submission_Stats (challenge_id, total_submissions, total_accepted_submissions)
VALUES ('43868', '20', '18');
INSERT INTO Submission_Stats (challenge_id, total_submissions, total_accepted_submissions)
VALUES ('29166', '24', '22');
INSERT INTO Submission_Stats (challenge_id, total_submissions, total_accepted_submissions)
VALUES ('37458', '28', '21');
INSERT INTO Submission_Stats (challenge_id, total_submissions, total_accepted_submissions)
VALUES ('90680', '81', '20');
INSERT INTO Submission_Stats (challenge_id, total_submissions, total_accepted_submissions)
VALUES ('85413', '98', '25');
INSERT INTO Submission_Stats (challenge_id, total_submissions, total_accepted_submissions)
VALUES ('3089', '75', '21');
INSERT INTO Submission_Stats (challenge_id, total_submissions, total_accepted_submissions)
VALUES ('13535', '23', '18');
INSERT INTO Submission_Stats (challenge_id, total_submissions, total_accepted_submissions)
VALUES ('11859', '53', '8');
INSERT INTO Submission_Stats (challenge_id, total_submissions, total_accepted_submissions)
VALUES ('56666', '55', '6');
INSERT INTO Submission_Stats (challenge_id, total_submissions, total_accepted_submissions)
VALUES ('13337', '52', '18');
INSERT INTO Submission_Stats (challenge_id, total_submissions, total_accepted_submissions)
VALUES ('70016', '26', '9');
INSERT INTO Submission_Stats (challenge_id, total_submissions, total_accepted_submissions)
VALUES ('86584', '49', '9');
INSERT INTO Submission_Stats (challenge_id, total_submissions, total_accepted_submissions)
VALUES ('3625', '47', '15');
INSERT INTO Submission_Stats (challenge_id, total_submissions, total_accepted_submissions)
VALUES ('69573', '59', '20');
INSERT INTO Submission_Stats (challenge_id, total_submissions, total_accepted_submissions)
VALUES ('63026', '28', '15');
INSERT INTO Submission_Stats (challenge_id, total_submissions, total_accepted_submissions)
VALUES ('90462', '34', '22');
INSERT INTO Submission_Stats (challenge_id, total_submissions, total_accepted_submissions)
VALUES ('62063', '99', '15');
INSERT INTO Submission_Stats (challenge_id, total_submissions, total_accepted_submissions)
VALUES ('74920', '75', '17');
INSERT INTO Submission_Stats (challenge_id, total_submissions, total_accepted_submissions)
VALUES ('8386', '62', '8');
INSERT INTO Submission_Stats (challenge_id, total_submissions, total_accepted_submissions)
VALUES ('60192', '47', '12');
INSERT INTO Submission_Stats (challenge_id, total_submissions, total_accepted_submissions)
VALUES ('65061', '13', '7');
INSERT INTO Submission_Stats (challenge_id, total_submissions, total_accepted_submissions)
VALUES ('99071', '14', '10');
INSERT INTO Submission_Stats (challenge_id, total_submissions, total_accepted_submissions)
VALUES ('2924', '81', '25');
INSERT INTO Submission_Stats (challenge_id, total_submissions, total_accepted_submissions)
VALUES ('85592', '15', '9');
INSERT INTO Submission_Stats (challenge_id, total_submissions, total_accepted_submissions)
VALUES ('9442', '99', '13');
INSERT INTO Submission_Stats (challenge_id, total_submissions, total_accepted_submissions)
VALUES ('72172', '18', '13');
INSERT INTO Submission_Stats (challenge_id, total_submissions, total_accepted_submissions)
VALUES ('31388', '27', '11');
INSERT INTO Submission_Stats (challenge_id, total_submissions, total_accepted_submissions)
VALUES ('9361', '96', '7');
INSERT INTO Submission_Stats (challenge_id, total_submissions, total_accepted_submissions)
VALUES ('61122', '19', '16');
INSERT INTO Submission_Stats (challenge_id, total_submissions, total_accepted_submissions)
VALUES ('18636', '77', '6');
INSERT INTO Submission_Stats (challenge_id, total_submissions, total_accepted_submissions)
VALUES ('87513', '72', '10');
INSERT INTO Submission_Stats (challenge_id, total_submissions, total_accepted_submissions)
VALUES ('70518', '44', '23');
INSERT INTO Submission_Stats (challenge_id, total_submissions, total_accepted_submissions)
VALUES ('4768', '74', '24');
INSERT INTO Submission_Stats (challenge_id, total_submissions, total_accepted_submissions)
VALUES ('45663', '67', '8');
INSERT INTO Submission_Stats (challenge_id, total_submissions, total_accepted_submissions)
VALUES ('96643', '36', '25');
INSERT INTO Submission_Stats (challenge_id, total_submissions, total_accepted_submissions)
VALUES ('95122', '23', '23');
INSERT INTO Submission_Stats (challenge_id, total_submissions, total_accepted_submissions)
VALUES ('7735', '64', '25');
INSERT INTO Submission_Stats (challenge_id, total_submissions, total_accepted_submissions)
VALUES ('74519', '59', '23');
INSERT INTO Submission_Stats (challenge_id, total_submissions, total_accepted_submissions)
VALUES ('35961', '87', '8');
INSERT INTO Submission_Stats (challenge_id, total_submissions, total_accepted_submissions)
VALUES ('65550', '16', '13');
INSERT INTO Submission_Stats (challenge_id, total_submissions, total_accepted_submissions)
VALUES ('18750', '39', '25');
INSERT INTO Submission_Stats (challenge_id, total_submissions, total_accepted_submissions)
VALUES ('73813', '38', '20');
INSERT INTO Submission_Stats (challenge_id, total_submissions, total_accepted_submissions)
VALUES ('61122', '64', '21');
INSERT INTO Submission_Stats (challenge_id, total_submissions, total_accepted_submissions)
VALUES ('88723', '30', '13');
INSERT INTO Submission_Stats (challenge_id, total_submissions, total_accepted_submissions)
VALUES ('83451', '16', '7');
INSERT INTO Submission_Stats (challenge_id, total_submissions, total_accepted_submissions)
VALUES ('36891', '73', '25');
INSERT INTO Submission_Stats (challenge_id, total_submissions, total_accepted_submissions)
VALUES ('3062', '24', '23');
INSERT INTO Submission_Stats (challenge_id, total_submissions, total_accepted_submissions)
VALUES ('6998', '15', '11');
INSERT INTO Submission_Stats (challenge_id, total_submissions, total_accepted_submissions)
VALUES ('76686', '43', '13');
INSERT INTO Submission_Stats (challenge_id, total_submissions, total_accepted_submissions)
VALUES ('24633', '33', '14');
INSERT INTO Submission_Stats (challenge_id, total_submissions, total_accepted_submissions)
VALUES ('18931', '97', '23');
INSERT INTO Submission_Stats (challenge_id, total_submissions, total_accepted_submissions)
VALUES ('82128', '36', '25');
INSERT INTO Submission_Stats (challenge_id, total_submissions, total_accepted_submissions)
VALUES ('97359', '63', '8');
INSERT INTO Submission_Stats (challenge_id, total_submissions, total_accepted_submissions)
VALUES ('7803', '47', '13');
INSERT INTO Submission_Stats (challenge_id, total_submissions, total_accepted_submissions)
VALUES ('76562', '76', '24');
INSERT INTO Submission_Stats (challenge_id, total_submissions, total_accepted_submissions)
VALUES ('69516', '24', '22');
INSERT INTO Submission_Stats (challenge_id, total_submissions, total_accepted_submissions)
VALUES ('45119', '55', '22');
INSERT INTO Submission_Stats (challenge_id, total_submissions, total_accepted_submissions)
VALUES ('43389', '73', '17');
INSERT INTO Submission_Stats (challenge_id, total_submissions, total_accepted_submissions)
VALUES ('96987', '57', '22');
INSERT INTO Submission_Stats (challenge_id, total_submissions, total_accepted_submissions)
VALUES ('26364', '62', '15');
INSERT INTO Submission_Stats (challenge_id, total_submissions, total_accepted_submissions)
VALUES ('73009', '30', '6');
INSERT INTO Submission_Stats (challenge_id, total_submissions, total_accepted_submissions)
VALUES ('20146', '45', '18');
INSERT INTO Submission_Stats (challenge_id, total_submissions, total_accepted_submissions)
VALUES ('94442', '18', '16');
INSERT INTO Submission_Stats (challenge_id, total_submissions, total_accepted_submissions)
VALUES ('97155', '60', '23');
INSERT INTO Submission_Stats (challenge_id, total_submissions, total_accepted_submissions)
VALUES ('72429', '91', '9');
INSERT INTO Submission_Stats (challenge_id, total_submissions, total_accepted_submissions)
VALUES ('72199', '27', '20');
INSERT INTO Submission_Stats (challenge_id, total_submissions, total_accepted_submissions)
VALUES ('93931', '97', '20');
INSERT INTO Submission_Stats (challenge_id, total_submissions, total_accepted_submissions)
VALUES ('92202', '45', '7');
INSERT INTO Submission_Stats (challenge_id, total_submissions, total_accepted_submissions)
VALUES ('74878', '82', '13');
INSERT INTO Submission_Stats (challenge_id, total_submissions, total_accepted_submissions)
VALUES ('98833', '81', '13');
INSERT INTO Submission_Stats (challenge_id, total_submissions, total_accepted_submissions)
VALUES ('5652', '61', '22');
INSERT INTO Submission_Stats (challenge_id, total_submissions, total_accepted_submissions)
VALUES ('73116', '96', '10');
INSERT INTO Submission_Stats (challenge_id, total_submissions, total_accepted_submissions)
VALUES ('20828', '21', '20');
INSERT INTO Submission_Stats (challenge_id, total_submissions, total_accepted_submissions)
VALUES ('38877', '36', '24');
INSERT INTO Submission_Stats (challenge_id, total_submissions, total_accepted_submissions)
VALUES ('48944', '38', '13');
INSERT INTO Submission_Stats (challenge_id, total_submissions, total_accepted_submissions)
VALUES ('99454', '57', '21');
INSERT INTO Submission_Stats (challenge_id, total_submissions, total_accepted_submissions)
VALUES ('11188', '36', '8');
INSERT INTO Submission_Stats (challenge_id, total_submissions, total_accepted_submissions)
VALUES ('51019', '43', '23');
INSERT INTO Submission_Stats (challenge_id, total_submissions, total_accepted_submissions)
VALUES ('66001', '33', '22');
INSERT INTO Submission_Stats (challenge_id, total_submissions, total_accepted_submissions)
VALUES ('66400', '38', '16');
INSERT INTO Submission_Stats (challenge_id, total_submissions, total_accepted_submissions)
VALUES ('86703', '45', '25');
INSERT INTO Submission_Stats (challenge_id, total_submissions, total_accepted_submissions)
VALUES ('791', '40', '21');
INSERT INTO Submission_Stats (challenge_id, total_submissions, total_accepted_submissions)
VALUES ('96135', '36', '22');
INSERT INTO Submission_Stats (challenge_id, total_submissions, total_accepted_submissions)
VALUES ('98833', '90', '14');
INSERT INTO Submission_Stats (challenge_id, total_submissions, total_accepted_submissions)
VALUES ('558', '29', '9');
INSERT INTO Submission_Stats (challenge_id, total_submissions, total_accepted_submissions)
VALUES ('9361', '41', '21');
INSERT INTO Submission_Stats (challenge_id, total_submissions, total_accepted_submissions)
VALUES ('47999', '84', '12');
INSERT INTO Submission_Stats (challenge_id, total_submissions, total_accepted_submissions)
VALUES ('67253', '47', '25');
INSERT INTO Submission_Stats (challenge_id, total_submissions, total_accepted_submissions)
VALUES ('86480', '94', '21');
INSERT INTO Submission_Stats (challenge_id, total_submissions, total_accepted_submissions)
VALUES ('54982', '28', '18');
INSERT INTO Submission_Stats (challenge_id, total_submissions, total_accepted_submissions)
VALUES ('85274', '79', '24');
INSERT INTO Submission_Stats (challenge_id, total_submissions, total_accepted_submissions)
VALUES ('88109', '30', '14');
INSERT INTO Submission_Stats (challenge_id, total_submissions, total_accepted_submissions)
VALUES ('58396', '56', '14');
INSERT INTO Submission_Stats (challenge_id, total_submissions, total_accepted_submissions)
VALUES ('1003', '97', '25');
INSERT INTO Submission_Stats (challenge_id, total_submissions, total_accepted_submissions)
VALUES ('1979', '17', '14');
INSERT INTO Submission_Stats (challenge_id, total_submissions, total_accepted_submissions)
VALUES ('1827', '23', '21');
INSERT INTO Submission_Stats (challenge_id, total_submissions, total_accepted_submissions)
VALUES ('56132', '22', '11');
INSERT INTO Submission_Stats (challenge_id, total_submissions, total_accepted_submissions)
VALUES ('60706', '23', '18');
INSERT INTO Submission_Stats (challenge_id, total_submissions, total_accepted_submissions)
VALUES ('95546', '20', '11');
INSERT INTO Submission_Stats (challenge_id, total_submissions, total_accepted_submissions)
VALUES ('46128', '76', '7');
INSERT INTO Submission_Stats (challenge_id, total_submissions, total_accepted_submissions)
VALUES ('37211', '13', '11');
INSERT INTO Submission_Stats (challenge_id, total_submissions, total_accepted_submissions)
VALUES ('79330', '66', '9');
INSERT INTO Submission_Stats (challenge_id, total_submissions, total_accepted_submissions)
VALUES ('11824', '72', '8');
INSERT INTO Submission_Stats (challenge_id, total_submissions, total_accepted_submissions)
VALUES ('41261', '72', '6');
INSERT INTO Submission_Stats (challenge_id, total_submissions, total_accepted_submissions)
VALUES ('73495', '50', '7');
INSERT INTO Submission_Stats (challenge_id, total_submissions, total_accepted_submissions)
VALUES ('87093', '44', '16');
INSERT INTO Submission_Stats (challenge_id, total_submissions, total_accepted_submissions)
VALUES ('64311', '27', '24');
INSERT INTO Submission_Stats (challenge_id, total_submissions, total_accepted_submissions)
VALUES ('63832', '47', '8');
INSERT INTO Submission_Stats (challenge_id, total_submissions, total_accepted_submissions)
VALUES ('59414', '54', '25');
INSERT INTO Submission_Stats (challenge_id, total_submissions, total_accepted_submissions)
VALUES ('86703', '64', '9');
INSERT INTO Submission_Stats (challenge_id, total_submissions, total_accepted_submissions)
VALUES ('83943', '23', '15');
INSERT INTO Submission_Stats (challenge_id, total_submissions, total_accepted_submissions)
VALUES ('87446', '53', '21');
INSERT INTO Submission_Stats (challenge_id, total_submissions, total_accepted_submissions)
VALUES ('60168', '81', '25');
INSERT INTO Submission_Stats (challenge_id, total_submissions, total_accepted_submissions)
VALUES ('17134', '30', '17');
INSERT INTO Submission_Stats (challenge_id, total_submissions, total_accepted_submissions)
VALUES ('58627', '43', '18');
INSERT INTO Submission_Stats (challenge_id, total_submissions, total_accepted_submissions)
VALUES ('38969', '81', '24');
INSERT INTO Submission_Stats (challenge_id, total_submissions, total_accepted_submissions)
VALUES ('46004', '18', '13');
INSERT INTO Submission_Stats (challenge_id, total_submissions, total_accepted_submissions)
VALUES ('94160', '40', '25');
INSERT INTO Submission_Stats (challenge_id, total_submissions, total_accepted_submissions)
VALUES ('97879', '58', '13');
INSERT INTO Submission_Stats (challenge_id, total_submissions, total_accepted_submissions)
VALUES ('80308', '72', '11');
INSERT INTO Submission_Stats (challenge_id, total_submissions, total_accepted_submissions)
VALUES ('71397', '15', '14');
INSERT INTO Submission_Stats (challenge_id, total_submissions, total_accepted_submissions)
VALUES ('60768', '31', '14');
INSERT INTO Submission_Stats (challenge_id, total_submissions, total_accepted_submissions)
VALUES ('74710', '21', '18');
INSERT INTO Submission_Stats (challenge_id, total_submissions, total_accepted_submissions)
VALUES ('20790', '59', '14');
INSERT INTO Submission_Stats (challenge_id, total_submissions, total_accepted_submissions)
VALUES ('29166', '45', '10');
INSERT INTO Submission_Stats (challenge_id, total_submissions, total_accepted_submissions)
VALUES ('43432', '87', '21');
INSERT INTO Submission_Stats (challenge_id, total_submissions, total_accepted_submissions)
VALUES ('82106', '27', '14');
INSERT INTO Submission_Stats (challenge_id, total_submissions, total_accepted_submissions)
VALUES ('35961', '29', '22');
INSERT INTO Submission_Stats (challenge_id, total_submissions, total_accepted_submissions)
VALUES ('3029', '90', '15');
INSERT INTO Submission_Stats (challenge_id, total_submissions, total_accepted_submissions)
VALUES ('25740', '70', '17');
INSERT INTO Submission_Stats (challenge_id, total_submissions, total_accepted_submissions)
VALUES ('98994', '66', '21');
INSERT INTO Submission_Stats (challenge_id, total_submissions, total_accepted_submissions)
VALUES ('37268', '58', '9');
INSERT INTO Submission_Stats (challenge_id, total_submissions, total_accepted_submissions)
VALUES ('6377', '38', '24');
INSERT INTO Submission_Stats (challenge_id, total_submissions, total_accepted_submissions)
VALUES ('56132', '98', '6');
INSERT INTO Submission_Stats (challenge_id, total_submissions, total_accepted_submissions)
VALUES ('76313', '66', '13');
INSERT INTO Submission_Stats (challenge_id, total_submissions, total_accepted_submissions)
VALUES ('1681', '70', '8');
INSERT INTO Submission_Stats (challenge_id, total_submissions, total_accepted_submissions)
VALUES ('61792', '19', '14');
INSERT INTO Submission_Stats (challenge_id, total_submissions, total_accepted_submissions)
VALUES ('86910', '41', '25');
INSERT INTO Submission_Stats (challenge_id, total_submissions, total_accepted_submissions)
VALUES ('74519', '13', '7');
INSERT INTO Submission_Stats (challenge_id, total_submissions, total_accepted_submissions)
VALUES ('74932', '58', '18');
INSERT INTO Submission_Stats (challenge_id, total_submissions, total_accepted_submissions)
VALUES ('86703', '62', '17');
INSERT INTO Submission_Stats (challenge_id, total_submissions, total_accepted_submissions)
VALUES ('56838', '99', '13');
INSERT INTO Submission_Stats (challenge_id, total_submissions, total_accepted_submissions)
VALUES ('14950', '24', '17');
INSERT INTO Submission_Stats (challenge_id, total_submissions, total_accepted_submissions)
VALUES ('83836', '45', '12');
INSERT INTO Submission_Stats (challenge_id, total_submissions, total_accepted_submissions)
VALUES ('13951', '49', '22');
INSERT INTO Submission_Stats (challenge_id, total_submissions, total_accepted_submissions)
VALUES ('3367', '90', '20');
INSERT INTO Submission_Stats (challenge_id, total_submissions, total_accepted_submissions)
VALUES ('35982', '94', '21');
INSERT INTO Submission_Stats (challenge_id, total_submissions, total_accepted_submissions)
VALUES ('60935', '34', '8');
INSERT INTO Submission_Stats (challenge_id, total_submissions, total_accepted_submissions)
VALUES ('77865', '41', '16');
INSERT INTO Submission_Stats (challenge_id, total_submissions, total_accepted_submissions)
VALUES ('55147', '68', '24');
INSERT INTO Submission_Stats (challenge_id, total_submissions, total_accepted_submissions)
VALUES ('45230', '84', '8');
INSERT INTO Submission_Stats (challenge_id, total_submissions, total_accepted_submissions)
VALUES ('75642', '79', '20');
INSERT INTO Submission_Stats (challenge_id, total_submissions, total_accepted_submissions)
VALUES ('83451', '57', '24');
INSERT INTO Submission_Stats (challenge_id, total_submissions, total_accepted_submissions)
VALUES ('5737', '64', '24');
INSERT INTO Submission_Stats (challenge_id, total_submissions, total_accepted_submissions)
VALUES ('53400', '74', '19');
INSERT INTO Submission_Stats (challenge_id, total_submissions, total_accepted_submissions)
VALUES ('63906', '94', '22');
INSERT INTO Submission_Stats (challenge_id, total_submissions, total_accepted_submissions)
VALUES ('95549', '50', '15');
INSERT INTO Submission_Stats (challenge_id, total_submissions, total_accepted_submissions)
VALUES ('72130', '17', '9');
INSERT INTO Submission_Stats (challenge_id, total_submissions, total_accepted_submissions)
VALUES ('78738', '11', '8');
INSERT INTO Submission_Stats (challenge_id, total_submissions, total_accepted_submissions)
VALUES ('83234', '84', '9');
INSERT INTO Submission_Stats (challenge_id, total_submissions, total_accepted_submissions)
VALUES ('2741', '39', '7');
INSERT INTO Submission_Stats (challenge_id, total_submissions, total_accepted_submissions)
VALUES ('26060', '58', '6');
INSERT INTO Submission_Stats (challenge_id, total_submissions, total_accepted_submissions)
VALUES ('59748', '55', '21');
INSERT INTO Submission_Stats (challenge_id, total_submissions, total_accepted_submissions)
VALUES ('90943', '68', '15');
INSERT INTO Submission_Stats (challenge_id, total_submissions, total_accepted_submissions)
VALUES ('61792', '91', '9');
INSERT INTO Submission_Stats (challenge_id, total_submissions, total_accepted_submissions)
VALUES ('52401', '41', '13');
INSERT INTO Submission_Stats (challenge_id, total_submissions, total_accepted_submissions)
VALUES ('45119', '26', '9');
INSERT INTO Submission_Stats (challenge_id, total_submissions, total_accepted_submissions)
VALUES ('58812', '74', '24');
INSERT INTO Submission_Stats (challenge_id, total_submissions, total_accepted_submissions)
VALUES ('43196', '44', '24');
INSERT INTO Submission_Stats (challenge_id, total_submissions, total_accepted_submissions)
VALUES ('26345', '83', '16');
INSERT INTO Submission_Stats (challenge_id, total_submissions, total_accepted_submissions)
VALUES ('75410', '59', '7');
INSERT INTO Submission_Stats (challenge_id, total_submissions, total_accepted_submissions)
VALUES ('35946', '50', '14');
INSERT INTO Submission_Stats (challenge_id, total_submissions, total_accepted_submissions)
VALUES ('68287', '69', '22');
INSERT INTO Submission_Stats (challenge_id, total_submissions, total_accepted_submissions)
VALUES ('27339', '77', '13');
INSERT INTO Submission_Stats (challenge_id, total_submissions, total_accepted_submissions)
VALUES ('43693', '91', '19');
INSERT INTO Submission_Stats (challenge_id, total_submissions, total_accepted_submissions)
VALUES ('46749', '64', '25');
INSERT INTO Submission_Stats (challenge_id, total_submissions, total_accepted_submissions)
VALUES ('93232', '16', '13');
INSERT INTO Submission_Stats (challenge_id, total_submissions, total_accepted_submissions)
VALUES ('63906', '97', '6');
INSERT INTO Submission_Stats (challenge_id, total_submissions, total_accepted_submissions)
VALUES ('45157', '37', '21');
INSERT INTO Submission_Stats (challenge_id, total_submissions, total_accepted_submissions)
VALUES ('58627', '17', '14');
INSERT INTO Submission_Stats (challenge_id, total_submissions, total_accepted_submissions)
VALUES ('57252', '68', '20');
INSERT INTO Submission_Stats (challenge_id, total_submissions, total_accepted_submissions)
VALUES ('54617', '96', '7');
INSERT INTO Submission_Stats (challenge_id, total_submissions, total_accepted_submissions)
VALUES ('56803', '30', '7');
INSERT INTO Submission_Stats (challenge_id, total_submissions, total_accepted_submissions)
VALUES ('8870', '36', '10');
INSERT INTO Submission_Stats (challenge_id, total_submissions, total_accepted_submissions)
VALUES ('4393', '34', '23');
INSERT INTO Submission_Stats (challenge_id, total_submissions, total_accepted_submissions)
VALUES ('7472', '80', '23');
INSERT INTO Submission_Stats (challenge_id, total_submissions, total_accepted_submissions)
VALUES ('31483', '97', '19');
INSERT INTO Submission_Stats (challenge_id, total_submissions, total_accepted_submissions)
VALUES ('68218', '61', '11');
INSERT INTO Submission_Stats (challenge_id, total_submissions, total_accepted_submissions)
VALUES ('82425', '29', '19');
INSERT INTO Submission_Stats (challenge_id, total_submissions, total_accepted_submissions)
VALUES ('28404', '66', '6');
INSERT INTO Submission_Stats (challenge_id, total_submissions, total_accepted_submissions)
VALUES ('99397', '44', '23');
INSERT INTO Submission_Stats (challenge_id, total_submissions, total_accepted_submissions)
VALUES ('59439', '48', '18');
INSERT INTO Submission_Stats (challenge_id, total_submissions, total_accepted_submissions)
VALUES ('18544', '83', '10');
INSERT INTO Submission_Stats (challenge_id, total_submissions, total_accepted_submissions)
VALUES ('57939', '31', '18');
INSERT INTO Submission_Stats (challenge_id, total_submissions, total_accepted_submissions)
VALUES ('3367', '27', '21');
INSERT INTO Submission_Stats (challenge_id, total_submissions, total_accepted_submissions)
VALUES ('78498', '71', '20');
INSERT INTO Submission_Stats (challenge_id, total_submissions, total_accepted_submissions)
VALUES ('83388', '91', '10');
INSERT INTO Submission_Stats (challenge_id, total_submissions, total_accepted_submissions)
VALUES ('82425', '56', '23');
INSERT INTO Submission_Stats (challenge_id, total_submissions, total_accepted_submissions)
VALUES ('51839', '73', '20');
INSERT INTO Submission_Stats (challenge_id, total_submissions, total_accepted_submissions)
VALUES ('8870', '84', '20');
INSERT INTO Submission_Stats (challenge_id, total_submissions, total_accepted_submissions)
VALUES ('77653', '61', '11');
INSERT INTO Submission_Stats (challenge_id, total_submissions, total_accepted_submissions)
VALUES ('58045', '21', '19');
INSERT INTO Submission_Stats (challenge_id, total_submissions, total_accepted_submissions)
VALUES ('13574', '87', '14');
INSERT INTO Submission_Stats (challenge_id, total_submissions, total_accepted_submissions)
VALUES ('87093', '29', '18');
INSERT INTO Submission_Stats (challenge_id, total_submissions, total_accepted_submissions)
VALUES ('32875', '98', '8');
INSERT INTO Submission_Stats (challenge_id, total_submissions, total_accepted_submissions)
VALUES ('91398', '18', '14');
INSERT INTO Submission_Stats (challenge_id, total_submissions, total_accepted_submissions)
VALUES ('46306', '47', '15');
INSERT INTO Submission_Stats (challenge_id, total_submissions, total_accepted_submissions)
VALUES ('85632', '73', '12');
INSERT INTO Submission_Stats (challenge_id, total_submissions, total_accepted_submissions)
VALUES ('42156', '84', '10');
INSERT INTO Submission_Stats (challenge_id, total_submissions, total_accepted_submissions)
VALUES ('56192', '72', '12');
INSERT INTO Submission_Stats (challenge_id, total_submissions, total_accepted_submissions)
VALUES ('37458', '75', '19');
INSERT INTO Submission_Stats (challenge_id, total_submissions, total_accepted_submissions)
VALUES ('95704', '69', '22');
INSERT INTO Submission_Stats (challenge_id, total_submissions, total_accepted_submissions)
VALUES ('68573', '53', '23');
INSERT INTO Submission_Stats (challenge_id, total_submissions, total_accepted_submissions)
VALUES ('36244', '92', '20');
INSERT INTO Submission_Stats (challenge_id, total_submissions, total_accepted_submissions)
VALUES ('12974', '21', '11');
INSERT INTO Submission_Stats (challenge_id, total_submissions, total_accepted_submissions)
VALUES ('22351', '57', '19');
INSERT INTO Submission_Stats (challenge_id, total_submissions, total_accepted_submissions)
VALUES ('88755', '32', '8');
INSERT INTO Submission_Stats (challenge_id, total_submissions, total_accepted_submissions)
VALUES ('94288', '62', '18');
INSERT INTO Submission_Stats (challenge_id, total_submissions, total_accepted_submissions)
VALUES ('96906', '86', '13');
INSERT INTO Submission_Stats (challenge_id, total_submissions, total_accepted_submissions)
VALUES ('83943', '73', '23');
INSERT INTO Submission_Stats (challenge_id, total_submissions, total_accepted_submissions)
VALUES ('46474', '29', '17');
INSERT INTO Submission_Stats (challenge_id, total_submissions, total_accepted_submissions)
VALUES ('15197', '25', '23');
INSERT INTO Submission_Stats (challenge_id, total_submissions, total_accepted_submissions)
VALUES ('42478', '34', '21');
INSERT INTO Submission_Stats (challenge_id, total_submissions, total_accepted_submissions)
VALUES ('36992', '77', '21');
INSERT INTO Submission_Stats (challenge_id, total_submissions, total_accepted_submissions)
VALUES ('92799', '32', '20');
INSERT INTO Submission_Stats (challenge_id, total_submissions, total_accepted_submissions)
VALUES ('72083', '81', '15');
INSERT INTO Submission_Stats (challenge_id, total_submissions, total_accepted_submissions)
VALUES ('70053', '74', '10');
INSERT INTO Submission_Stats (challenge_id, total_submissions, total_accepted_submissions)
VALUES ('97427', '27', '7');
INSERT INTO Submission_Stats (challenge_id, total_submissions, total_accepted_submissions)
VALUES ('71586', '34', '19');
INSERT INTO Submission_Stats (challenge_id, total_submissions, total_accepted_submissions)
VALUES ('34584', '38', '25');
INSERT INTO Submission_Stats (challenge_id, total_submissions, total_accepted_submissions)
VALUES ('39345', '27', '25');
INSERT INTO Submission_Stats (challenge_id, total_submissions, total_accepted_submissions)
VALUES ('41268', '9', '7');
INSERT INTO Submission_Stats (challenge_id, total_submissions, total_accepted_submissions)
VALUES ('12705', '75', '14');
INSERT INTO Submission_Stats (challenge_id, total_submissions, total_accepted_submissions)
VALUES ('4750', '35', '10');
INSERT INTO Submission_Stats (challenge_id, total_submissions, total_accepted_submissions)
VALUES ('23864', '16', '16');
INSERT INTO Submission_Stats (challenge_id, total_submissions, total_accepted_submissions)
VALUES ('6095', '76', '8');
INSERT INTO Submission_Stats (challenge_id, total_submissions, total_accepted_submissions)
VALUES ('1322', '70', '19');
INSERT INTO Submission_Stats (challenge_id, total_submissions, total_accepted_submissions)
VALUES ('75535', '54', '13');
INSERT INTO Submission_Stats (challenge_id, total_submissions, total_accepted_submissions)
VALUES ('5652', '43', '25');
INSERT INTO Submission_Stats (challenge_id, total_submissions, total_accepted_submissions)
VALUES ('74744', '44', '10');
INSERT INTO Submission_Stats (challenge_id, total_submissions, total_accepted_submissions)
VALUES ('39151', '36', '24');
INSERT INTO Submission_Stats (challenge_id, total_submissions, total_accepted_submissions)
VALUES ('98259', '27', '21');
INSERT INTO Submission_Stats (challenge_id, total_submissions, total_accepted_submissions)
VALUES ('95980', '30', '20');
INSERT INTO Submission_Stats (challenge_id, total_submissions, total_accepted_submissions)
VALUES ('63085', '18', '6');
INSERT INTO Submission_Stats (challenge_id, total_submissions, total_accepted_submissions)
VALUES ('95122', '53', '23');
INSERT INTO Submission_Stats (challenge_id, total_submissions, total_accepted_submissions)
VALUES ('60386', '33', '25');
INSERT INTO Submission_Stats (challenge_id, total_submissions, total_accepted_submissions)
VALUES ('8668', '53', '21');
INSERT INTO Submission_Stats (challenge_id, total_submissions, total_accepted_submissions)
VALUES ('17572', '27', '20');
INSERT INTO Submission_Stats (challenge_id, total_submissions, total_accepted_submissions)
VALUES ('4226', '27', '24');
INSERT INTO Submission_Stats (challenge_id, total_submissions, total_accepted_submissions)
VALUES ('1985', '42', '6');
INSERT INTO Submission_Stats (challenge_id, total_submissions, total_accepted_submissions)
VALUES ('95570', '35', '15');
INSERT INTO Submission_Stats (challenge_id, total_submissions, total_accepted_submissions)
VALUES ('76707', '33', '23');
INSERT INTO Submission_Stats (challenge_id, total_submissions, total_accepted_submissions)
VALUES ('76426', '86', '19');
INSERT INTO Submission_Stats (challenge_id, total_submissions, total_accepted_submissions)
VALUES ('76426', '38', '21');
INSERT INTO Submission_Stats (challenge_id, total_submissions, total_accepted_submissions)
VALUES ('36159', '16', '7');
INSERT INTO Submission_Stats (challenge_id, total_submissions, total_accepted_submissions)
VALUES ('17579', '29', '16');
INSERT INTO Submission_Stats (challenge_id, total_submissions, total_accepted_submissions)
VALUES ('58949', '11', '6');
INSERT INTO Submission_Stats (challenge_id, total_submissions, total_accepted_submissions)
VALUES ('3367', '25', '25');
INSERT INTO Submission_Stats (challenge_id, total_submissions, total_accepted_submissions)
VALUES ('48531', '97', '9');
INSERT INTO Submission_Stats (challenge_id, total_submissions, total_accepted_submissions)
VALUES ('73009', '85', '24');
INSERT INTO Submission_Stats (challenge_id, total_submissions, total_accepted_submissions)
VALUES ('53323', '99', '13');
INSERT INTO Submission_Stats (challenge_id, total_submissions, total_accepted_submissions)
VALUES ('80036', '34', '18');
INSERT INTO Submission_Stats (challenge_id, total_submissions, total_accepted_submissions)
VALUES ('45663', '23', '18');
INSERT INTO Submission_Stats (challenge_id, total_submissions, total_accepted_submissions)
VALUES ('59230', '44', '8');
INSERT INTO Submission_Stats (challenge_id, total_submissions, total_accepted_submissions)
VALUES ('60777', '24', '17');
INSERT INTO Submission_Stats (challenge_id, total_submissions, total_accepted_submissions)
VALUES ('85736', '95', '21');
INSERT INTO Submission_Stats (challenge_id, total_submissions, total_accepted_submissions)
VALUES ('46128', '80', '24');
INSERT INTO Submission_Stats (challenge_id, total_submissions, total_accepted_submissions)
VALUES ('25505', '15', '11');
INSERT INTO Submission_Stats (challenge_id, total_submissions, total_accepted_submissions)
VALUES ('55774', '89', '12');
INSERT INTO Submission_Stats (challenge_id, total_submissions, total_accepted_submissions)
VALUES ('20790', '57', '17');
INSERT INTO Submission_Stats (challenge_id, total_submissions, total_accepted_submissions)
VALUES ('40130', '48', '24');
INSERT INTO Submission_Stats (challenge_id, total_submissions, total_accepted_submissions)
VALUES ('68859', '48', '7');
INSERT INTO Submission_Stats (challenge_id, total_submissions, total_accepted_submissions)
VALUES ('75395', '38', '10');
INSERT INTO Submission_Stats (challenge_id, total_submissions, total_accepted_submissions)
VALUES ('83836', '77', '7');
INSERT INTO Submission_Stats (challenge_id, total_submissions, total_accepted_submissions)
VALUES ('8162', '64', '12');
INSERT INTO Submission_Stats (challenge_id, total_submissions, total_accepted_submissions)
VALUES ('36548', '82', '16');
INSERT INTO Submission_Stats (challenge_id, total_submissions, total_accepted_submissions)
VALUES ('31587', '24', '14');
INSERT INTO Submission_Stats (challenge_id, total_submissions, total_accepted_submissions)
VALUES ('12107', '61', '10');
INSERT INTO Submission_Stats (challenge_id, total_submissions, total_accepted_submissions)
VALUES ('34960', '17', '10');
INSERT INTO Submission_Stats (challenge_id, total_submissions, total_accepted_submissions)
VALUES ('14950', '49', '25');
INSERT INTO Submission_Stats (challenge_id, total_submissions, total_accepted_submissions)
VALUES ('19587', '41', '22');
INSERT INTO Submission_Stats (challenge_id, total_submissions, total_accepted_submissions)
VALUES ('82407', '66', '20');
INSERT INTO Submission_Stats (challenge_id, total_submissions, total_accepted_submissions)
VALUES ('18307', '39', '6');
INSERT INTO Submission_Stats (challenge_id, total_submissions, total_accepted_submissions)
VALUES ('85632', '20', '17');
INSERT INTO Submission_Stats (challenge_id, total_submissions, total_accepted_submissions)
VALUES ('58787', '67', '21');
INSERT INTO Submission_Stats (challenge_id, total_submissions, total_accepted_submissions)
VALUES ('77679', '94', '10');
INSERT INTO Submission_Stats (challenge_id, total_submissions, total_accepted_submissions)
VALUES ('2741', '87', '17');
INSERT INTO Submission_Stats (challenge_id, total_submissions, total_accepted_submissions)
VALUES ('86480', '39', '17');
INSERT INTO Submission_Stats (challenge_id, total_submissions, total_accepted_submissions)
VALUES ('46474', '17', '17');
INSERT INTO Submission_Stats (challenge_id, total_submissions, total_accepted_submissions)
VALUES ('34269', '85', '15');
INSERT INTO Submission_Stats (challenge_id, total_submissions, total_accepted_submissions)
VALUES ('16881', '86', '17');
INSERT INTO Submission_Stats (challenge_id, total_submissions, total_accepted_submissions)
VALUES ('67148', '65', '18');
INSERT INTO Submission_Stats (challenge_id, total_submissions, total_accepted_submissions)
VALUES ('65343', '54', '25');
INSERT INTO Submission_Stats (challenge_id, total_submissions, total_accepted_submissions)
VALUES ('23908', '42', '8');
INSERT INTO Submission_Stats (challenge_id, total_submissions, total_accepted_submissions)
VALUES ('98194', '24', '8');
INSERT INTO Submission_Stats (challenge_id, total_submissions, total_accepted_submissions)
VALUES ('79330', '38', '20');
INSERT INTO Submission_Stats (challenge_id, total_submissions, total_accepted_submissions)
VALUES ('69573', '75', '6');
INSERT INTO Submission_Stats (challenge_id, total_submissions, total_accepted_submissions)
VALUES ('59423', '94', '9');
INSERT INTO Submission_Stats (challenge_id, total_submissions, total_accepted_submissions)
VALUES ('73814', '32', '20');
INSERT INTO Submission_Stats (challenge_id, total_submissions, total_accepted_submissions)
VALUES ('10888', '18', '16');
INSERT INTO Submission_Stats (challenge_id, total_submissions, total_accepted_submissions)
VALUES ('31483', '30', '10');
INSERT INTO Submission_Stats (challenge_id, total_submissions, total_accepted_submissions)
VALUES ('55824', '50', '12');
INSERT INTO Submission_Stats (challenge_id, total_submissions, total_accepted_submissions)
VALUES ('66001', '62', '12');
INSERT INTO Submission_Stats (challenge_id, total_submissions, total_accepted_submissions)
VALUES ('43389', '72', '25');
INSERT INTO Submission_Stats (challenge_id, total_submissions, total_accepted_submissions)
VALUES ('57310', '65', '8');
INSERT INTO Submission_Stats (challenge_id, total_submissions, total_accepted_submissions)
VALUES ('43785', '64', '17');
INSERT INTO Submission_Stats (challenge_id, total_submissions, total_accepted_submissions)
VALUES ('64145', '50', '7');
INSERT INTO Submission_Stats (challenge_id, total_submissions, total_accepted_submissions)
VALUES ('67542', '79', '10');
INSERT INTO Submission_Stats (challenge_id, total_submissions, total_accepted_submissions)
VALUES ('58627', '28', '11');
INSERT INTO Submission_Stats (challenge_id, total_submissions, total_accepted_submissions)
VALUES ('37349', '69', '13');
INSERT INTO Submission_Stats (challenge_id, total_submissions, total_accepted_submissions)
VALUES ('31456', '19', '9');
INSERT INTO Submission_Stats (challenge_id, total_submissions, total_accepted_submissions)
VALUES ('98192', '13', '6');
INSERT INTO Submission_Stats (challenge_id, total_submissions, total_accepted_submissions)
VALUES ('63831', '60', '19');
INSERT INTO Submission_Stats (challenge_id, total_submissions, total_accepted_submissions)
VALUES ('77992', '28', '7');
INSERT INTO Submission_Stats (challenge_id, total_submissions, total_accepted_submissions)
VALUES ('7289', '34', '8');
INSERT INTO Submission_Stats (challenge_id, total_submissions, total_accepted_submissions)
VALUES ('20502', '51', '18');
INSERT INTO Submission_Stats (challenge_id, total_submissions, total_accepted_submissions)
VALUES ('15447', '51', '24');
INSERT INTO Submission_Stats (challenge_id, total_submissions, total_accepted_submissions)
VALUES ('67148', '21', '8');
INSERT INTO Submission_Stats (challenge_id, total_submissions, total_accepted_submissions)
VALUES ('76080', '34', '17');
INSERT INTO Submission_Stats (challenge_id, total_submissions, total_accepted_submissions)
VALUES ('21884', '90', '12');
INSERT INTO Submission_Stats (challenge_id, total_submissions, total_accepted_submissions)
VALUES ('92762', '29', '18');
INSERT INTO Submission_Stats (challenge_id, total_submissions, total_accepted_submissions)
VALUES ('42877', '94', '17');
INSERT INTO Submission_Stats (challenge_id, total_submissions, total_accepted_submissions)
VALUES ('81615', '10', '6');
INSERT INTO Submission_Stats (challenge_id, total_submissions, total_accepted_submissions)
VALUES ('97937', '68', '22');
INSERT INTO Submission_Stats (challenge_id, total_submissions, total_accepted_submissions)
VALUES ('3089', '97', '8');
INSERT INTO Submission_Stats (challenge_id, total_submissions, total_accepted_submissions)
VALUES ('9524', '52', '21');
INSERT INTO Submission_Stats (challenge_id, total_submissions, total_accepted_submissions)
VALUES ('12559', '13', '11');
INSERT INTO Submission_Stats (challenge_id, total_submissions, total_accepted_submissions)
VALUES ('25740', '87', '21');
INSERT INTO Submission_Stats (challenge_id, total_submissions, total_accepted_submissions)
VALUES ('81615', '29', '25');
INSERT INTO Submission_Stats (challenge_id, total_submissions, total_accepted_submissions)
VALUES ('99397', '28', '24');
INSERT INTO Submission_Stats (challenge_id, total_submissions, total_accepted_submissions)
VALUES ('90147', '92', '11');
INSERT INTO Submission_Stats (challenge_id, total_submissions, total_accepted_submissions)
VALUES ('97203', '95', '12');
INSERT INTO Submission_Stats (challenge_id, total_submissions, total_accepted_submissions)
VALUES ('55774', '27', '6');
INSERT INTO Submission_Stats (challenge_id, total_submissions, total_accepted_submissions)
VALUES ('59563', '15', '8');
INSERT INTO Submission_Stats (challenge_id, total_submissions, total_accepted_submissions)
VALUES ('23908', '38', '20');
INSERT INTO Submission_Stats (challenge_id, total_submissions, total_accepted_submissions)
VALUES ('53323', '92', '15');
INSERT INTO Submission_Stats (challenge_id, total_submissions, total_accepted_submissions)
VALUES ('45955', '51', '19');
INSERT INTO Submission_Stats (challenge_id, total_submissions, total_accepted_submissions)
VALUES ('76686', '20', '12');
INSERT INTO Submission_Stats (challenge_id, total_submissions, total_accepted_submissions)
VALUES ('76426', '69', '21');
INSERT INTO Submission_Stats (challenge_id, total_submissions, total_accepted_submissions)
VALUES ('8680', '24', '7');
INSERT INTO Submission_Stats (challenge_id, total_submissions, total_accepted_submissions)
VALUES ('43912', '74', '24');
INSERT INTO Submission_Stats (challenge_id, total_submissions, total_accepted_submissions)
VALUES ('5767', '86', '12');
INSERT INTO Submission_Stats (challenge_id, total_submissions, total_accepted_submissions)
VALUES ('10099', '44', '22');
INSERT INTO Submission_Stats (challenge_id, total_submissions, total_accepted_submissions)
VALUES ('84211', '87', '21');
INSERT INTO Submission_Stats (challenge_id, total_submissions, total_accepted_submissions)
VALUES ('12705', '25', '17');
INSERT INTO Submission_Stats (challenge_id, total_submissions, total_accepted_submissions)
VALUES ('45061', '92', '24');
INSERT INTO Submission_Stats (challenge_id, total_submissions, total_accepted_submissions)
VALUES ('63850', '61', '12');
INSERT INTO Submission_Stats (challenge_id, total_submissions, total_accepted_submissions)
VALUES ('68920', '87', '16');
INSERT INTO Submission_Stats (challenge_id, total_submissions, total_accepted_submissions)
VALUES ('38037', '39', '14');
INSERT INTO Submission_Stats (challenge_id, total_submissions, total_accepted_submissions)
VALUES ('65889', '75', '24');
INSERT INTO Submission_Stats (challenge_id, total_submissions, total_accepted_submissions)
VALUES ('17596', '88', '21');
INSERT INTO Submission_Stats (challenge_id, total_submissions, total_accepted_submissions)
VALUES ('73231', '72', '12');
INSERT INTO Submission_Stats (challenge_id, total_submissions, total_accepted_submissions)
VALUES ('45363', '45', '24');
INSERT INTO Submission_Stats (challenge_id, total_submissions, total_accepted_submissions)
VALUES ('85662', '22', '15');
INSERT INTO Submission_Stats (challenge_id, total_submissions, total_accepted_submissions)
VALUES ('35051', '83', '9');
INSERT INTO Submission_Stats (challenge_id, total_submissions, total_accepted_submissions)
VALUES ('96900', '78', '13');
INSERT INTO Submission_Stats (challenge_id, total_submissions, total_accepted_submissions)
VALUES ('41547', '36', '10');
INSERT INTO Submission_Stats (challenge_id, total_submissions, total_accepted_submissions)
VALUES ('9524', '85', '13');
INSERT INTO Submission_Stats (challenge_id, total_submissions, total_accepted_submissions)
VALUES ('37211', '21', '10');
INSERT INTO Submission_Stats (challenge_id, total_submissions, total_accepted_submissions)
VALUES ('51026', '82', '13');
INSERT INTO Submission_Stats (challenge_id, total_submissions, total_accepted_submissions)
VALUES ('791', '73', '21');
INSERT INTO Submission_Stats (challenge_id, total_submissions, total_accepted_submissions)
VALUES ('35946', '81', '21');
INSERT INTO Submission_Stats (challenge_id, total_submissions, total_accepted_submissions)
VALUES ('76080', '87', '11');
INSERT INTO Submission_Stats (challenge_id, total_submissions, total_accepted_submissions)
VALUES ('54865', '14', '13');
INSERT INTO Submission_Stats (challenge_id, total_submissions, total_accepted_submissions)
VALUES ('19001', '30', '17');
INSERT INTO Submission_Stats (challenge_id, total_submissions, total_accepted_submissions)
VALUES ('85865', '65', '17');
INSERT INTO Submission_Stats (challenge_id, total_submissions, total_accepted_submissions)
VALUES ('52592', '32', '20');
INSERT INTO Submission_Stats (challenge_id, total_submissions, total_accepted_submissions)
VALUES ('7735', '56', '22');
INSERT INTO Submission_Stats (challenge_id, total_submissions, total_accepted_submissions)
VALUES ('67805', '26', '15');
INSERT INTO Submission_Stats (challenge_id, total_submissions, total_accepted_submissions)
VALUES ('99192', '64', '16');
INSERT INTO Submission_Stats (challenge_id, total_submissions, total_accepted_submissions)
VALUES ('31866', '38', '24');
INSERT INTO Submission_Stats (challenge_id, total_submissions, total_accepted_submissions)
VALUES ('4538', '86', '8');
INSERT INTO Submission_Stats (challenge_id, total_submissions, total_accepted_submissions)
VALUES ('11957', '58', '14');
INSERT INTO Submission_Stats (challenge_id, total_submissions, total_accepted_submissions)
VALUES ('16348', '69', '13');
INSERT INTO Submission_Stats (challenge_id, total_submissions, total_accepted_submissions)
VALUES ('11646', '57', '16');
INSERT INTO Submission_Stats (challenge_id, total_submissions, total_accepted_submissions)
VALUES ('276', '31', '16');
INSERT INTO Submission_Stats (challenge_id, total_submissions, total_accepted_submissions)
VALUES ('85451', '70', '19');
INSERT INTO Submission_Stats (challenge_id, total_submissions, total_accepted_submissions)
VALUES ('94271', '53', '8');
INSERT INTO Submission_Stats (challenge_id, total_submissions, total_accepted_submissions)
VALUES ('14144', '32', '25');
INSERT INTO Submission_Stats (challenge_id, total_submissions, total_accepted_submissions)
VALUES ('65061', '19', '12');
INSERT INTO Submission_Stats (challenge_id, total_submissions, total_accepted_submissions)
VALUES ('23434', '33', '21');
INSERT INTO Submission_Stats (challenge_id, total_submissions, total_accepted_submissions)
VALUES ('6377', '85', '7');
INSERT INTO Submission_Stats (challenge_id, total_submissions, total_accepted_submissions)
VALUES ('76122', '87', '10');
INSERT INTO Submission_Stats (challenge_id, total_submissions, total_accepted_submissions)
VALUES ('90462', '21', '17');
INSERT INTO Submission_Stats (challenge_id, total_submissions, total_accepted_submissions)
VALUES ('42538', '72', '9');
INSERT INTO Submission_Stats (challenge_id, total_submissions, total_accepted_submissions)
VALUES ('6095', '28', '13');
INSERT INTO Submission_Stats (challenge_id, total_submissions, total_accepted_submissions)
VALUES ('43201', '7', '7');
INSERT INTO Submission_Stats (challenge_id, total_submissions, total_accepted_submissions)
VALUES ('91469', '78', '6');
INSERT INTO Submission_Stats (challenge_id, total_submissions, total_accepted_submissions)
VALUES ('59439', '91', '20');
INSERT INTO Submission_Stats (challenge_id, total_submissions, total_accepted_submissions)
VALUES ('10853', '16', '11');
INSERT INTO Submission_Stats (challenge_id, total_submissions, total_accepted_submissions)
VALUES ('35051', '15', '15');
INSERT INTO Submission_Stats (challenge_id, total_submissions, total_accepted_submissions)
VALUES ('83240', '21', '7');
INSERT INTO Submission_Stats (challenge_id, total_submissions, total_accepted_submissions)
VALUES ('91513', '78', '17');
INSERT INTO Submission_Stats (challenge_id, total_submissions, total_accepted_submissions)
VALUES ('13592', '73', '8');
INSERT INTO Submission_Stats (challenge_id, total_submissions, total_accepted_submissions)
VALUES ('94363', '45', '16');
INSERT INTO Submission_Stats (challenge_id, total_submissions, total_accepted_submissions)
VALUES ('84130', '71', '21');
INSERT INTO Submission_Stats (challenge_id, total_submissions, total_accepted_submissions)
VALUES ('80036', '27', '18');
INSERT INTO Submission_Stats (challenge_id, total_submissions, total_accepted_submissions)
VALUES ('43220', '93', '13');
INSERT INTO Submission_Stats (challenge_id, total_submissions, total_accepted_submissions)
VALUES ('21772', '83', '11');
INSERT INTO Submission_Stats (challenge_id, total_submissions, total_accepted_submissions)
VALUES ('23110', '68', '8');
INSERT INTO Submission_Stats (challenge_id, total_submissions, total_accepted_submissions)
VALUES ('92202', '40', '16');
INSERT INTO Submission_Stats (challenge_id, total_submissions, total_accepted_submissions)
VALUES ('1681', '25', '21');
INSERT INTO Submission_Stats (challenge_id, total_submissions, total_accepted_submissions)
VALUES ('68859', '17', '10');
INSERT INTO Submission_Stats (challenge_id, total_submissions, total_accepted_submissions)
VALUES ('59439', '11', '9');
INSERT INTO Submission_Stats (challenge_id, total_submissions, total_accepted_submissions)
VALUES ('25597', '93', '25');
INSERT INTO Submission_Stats (challenge_id, total_submissions, total_accepted_submissions)
VALUES ('27339', '46', '8');
INSERT INTO Submission_Stats (challenge_id, total_submissions, total_accepted_submissions)
VALUES ('86334', '45', '6');
INSERT INTO Submission_Stats (challenge_id, total_submissions, total_accepted_submissions)
VALUES ('99625', '25', '15');
INSERT INTO Submission_Stats (challenge_id, total_submissions, total_accepted_submissions)
VALUES ('58045', '92', '24');
INSERT INTO Submission_Stats (challenge_id, total_submissions, total_accepted_submissions)
VALUES ('30096', '25', '10');
INSERT INTO Submission_Stats (challenge_id, total_submissions, total_accepted_submissions)
VALUES ('90979', '25', '18');
INSERT INTO Submission_Stats (challenge_id, total_submissions, total_accepted_submissions)
VALUES ('73495', '87', '14');
INSERT INTO Submission_Stats (challenge_id, total_submissions, total_accepted_submissions)
VALUES ('48944', '45', '18');
INSERT INTO Submission_Stats (challenge_id, total_submissions, total_accepted_submissions)
VALUES ('39181', '20', '17');
INSERT INTO Submission_Stats (challenge_id, total_submissions, total_accepted_submissions)
VALUES ('83615', '39', '7');
INSERT INTO Submission_Stats (challenge_id, total_submissions, total_accepted_submissions)
VALUES ('45477', '99', '9');
INSERT INTO Submission_Stats (challenge_id, total_submissions, total_accepted_submissions)
VALUES ('20828', '63', '14');
INSERT INTO Submission_Stats (challenge_id, total_submissions, total_accepted_submissions)
VALUES ('76924', '68', '16');
INSERT INTO Submission_Stats (challenge_id, total_submissions, total_accepted_submissions)
VALUES ('42538', '94', '11');
INSERT INTO Submission_Stats (challenge_id, total_submissions, total_accepted_submissions)
VALUES ('20828', '82', '19');
INSERT INTO Submission_Stats (challenge_id, total_submissions, total_accepted_submissions)
VALUES ('6708', '90', '18');
INSERT INTO Submission_Stats (challenge_id, total_submissions, total_accepted_submissions)
VALUES ('95996', '90', '8');
INSERT INTO Submission_Stats (challenge_id, total_submissions, total_accepted_submissions)
VALUES ('93502', '27', '19');
INSERT INTO Submission_Stats (challenge_id, total_submissions, total_accepted_submissions)
VALUES ('6304', '24', '23');
INSERT INTO Submission_Stats (challenge_id, total_submissions, total_accepted_submissions)
VALUES ('15564', '29', '8');
INSERT INTO Submission_Stats (challenge_id, total_submissions, total_accepted_submissions)
VALUES ('94910', '37', '14');
INSERT INTO Submission_Stats (challenge_id, total_submissions, total_accepted_submissions)
VALUES ('18750', '46', '12');
INSERT INTO Submission_Stats (challenge_id, total_submissions, total_accepted_submissions)
VALUES ('72422', '20', '7');
INSERT INTO Submission_Stats (challenge_id, total_submissions, total_accepted_submissions)
VALUES ('79236', '48', '7');
INSERT INTO Submission_Stats (challenge_id, total_submissions, total_accepted_submissions)
VALUES ('29394', '46', '13');
INSERT INTO Submission_Stats (challenge_id, total_submissions, total_accepted_submissions)
VALUES ('29037', '84', '8');
INSERT INTO Submission_Stats (challenge_id, total_submissions, total_accepted_submissions)
VALUES ('558', '14', '10');
INSERT INTO Submission_Stats (challenge_id, total_submissions, total_accepted_submissions)
VALUES ('29037', '86', '10');
INSERT INTO Submission_Stats (challenge_id, total_submissions, total_accepted_submissions)
VALUES ('7735', '32', '19');
INSERT INTO Submission_Stats (challenge_id, total_submissions, total_accepted_submissions)
VALUES ('12421', '65', '8');
INSERT INTO Submission_Stats (challenge_id, total_submissions, total_accepted_submissions)
VALUES ('47999', '26', '19');
INSERT INTO Submission_Stats (challenge_id, total_submissions, total_accepted_submissions)
VALUES ('90462', '61', '17');
INSERT INTO Submission_Stats (challenge_id, total_submissions, total_accepted_submissions)
VALUES ('10053', '19', '7');
INSERT INTO Submission_Stats (challenge_id, total_submissions, total_accepted_submissions)
VALUES ('86758', '53', '7');
INSERT INTO Submission_Stats (challenge_id, total_submissions, total_accepted_submissions)
VALUES ('60281', '95', '25');
INSERT INTO Submission_Stats (challenge_id, total_submissions, total_accepted_submissions)
VALUES ('94288', '26', '7');
INSERT INTO Submission_Stats (challenge_id, total_submissions, total_accepted_submissions)
VALUES ('94271', '64', '25');
INSERT INTO Submission_Stats (challenge_id, total_submissions, total_accepted_submissions)
VALUES ('98259', '21', '16');
INSERT INTO Submission_Stats (challenge_id, total_submissions, total_accepted_submissions)
VALUES ('18307', '87', '7');
INSERT INTO Submission_Stats (challenge_id, total_submissions, total_accepted_submissions)
VALUES ('13744', '62', '20');
INSERT INTO Submission_Stats (challenge_id, total_submissions, total_accepted_submissions)
VALUES ('49324', '35', '20');
INSERT INTO Submission_Stats (challenge_id, total_submissions, total_accepted_submissions)
VALUES ('63722', '85', '12');
INSERT INTO Submission_Stats (challenge_id, total_submissions, total_accepted_submissions)
VALUES ('43196', '93', '22');
INSERT INTO Submission_Stats (challenge_id, total_submissions, total_accepted_submissions)
VALUES ('87211', '14', '11');
INSERT INTO Submission_Stats (challenge_id, total_submissions, total_accepted_submissions)
VALUES ('6095', '79', '15');
INSERT INTO Submission_Stats (challenge_id, total_submissions, total_accepted_submissions)
VALUES ('74637', '51', '13');
INSERT INTO Submission_Stats (challenge_id, total_submissions, total_accepted_submissions)
VALUES ('70016', '66', '23');
INSERT INTO Submission_Stats (challenge_id, total_submissions, total_accepted_submissions)
VALUES ('58550', '71', '23');
INSERT INTO Submission_Stats (challenge_id, total_submissions, total_accepted_submissions)
VALUES ('85566', '35', '22');
INSERT INTO Submission_Stats (challenge_id, total_submissions, total_accepted_submissions)
VALUES ('20042', '51', '20');
INSERT INTO Submission_Stats (challenge_id, total_submissions, total_accepted_submissions)
VALUES ('60768', '30', '17');
INSERT INTO Submission_Stats (challenge_id, total_submissions, total_accepted_submissions)
VALUES ('52401', '54', '8');
INSERT INTO Submission_Stats (challenge_id, total_submissions, total_accepted_submissions)
VALUES ('6561', '97', '25');
INSERT INTO Submission_Stats (challenge_id, total_submissions, total_accepted_submissions)
VALUES ('791', '94', '13');
INSERT INTO Submission_Stats (challenge_id, total_submissions, total_accepted_submissions)
VALUES ('8246', '36', '12');
INSERT INTO Submission_Stats (challenge_id, total_submissions, total_accepted_submissions)
VALUES ('88886', '21', '14');
INSERT INTO Submission_Stats (challenge_id, total_submissions, total_accepted_submissions)
VALUES ('43201', '44', '24');
INSERT INTO Submission_Stats (challenge_id, total_submissions, total_accepted_submissions)
VALUES ('63893', '56', '22');
INSERT INTO Submission_Stats (challenge_id, total_submissions, total_accepted_submissions)
VALUES ('58396', '76', '18');
INSERT INTO Submission_Stats (challenge_id, total_submissions, total_accepted_submissions)
VALUES ('70782', '26', '15');
INSERT INTO Submission_Stats (challenge_id, total_submissions, total_accepted_submissions)
VALUES ('87358', '80', '16');
INSERT INTO Submission_Stats (challenge_id, total_submissions, total_accepted_submissions)
VALUES ('11023', '15', '7');
INSERT INTO Submission_Stats (challenge_id, total_submissions, total_accepted_submissions)
VALUES ('13211', '82', '19');
INSERT INTO Submission_Stats (challenge_id, total_submissions, total_accepted_submissions)
VALUES ('49107', '85', '23');
INSERT INTO Submission_Stats (challenge_id, total_submissions, total_accepted_submissions)
VALUES ('46749', '34', '6');
INSERT INTO Submission_Stats (challenge_id, total_submissions, total_accepted_submissions)
VALUES ('12705', '73', '22');
INSERT INTO Submission_Stats (challenge_id, total_submissions, total_accepted_submissions)
VALUES ('99397', '74', '19');
INSERT INTO Submission_Stats (challenge_id, total_submissions, total_accepted_submissions)
VALUES ('75933', '89', '16');
INSERT INTO Submission_Stats (challenge_id, total_submissions, total_accepted_submissions)
VALUES ('60703', '40', '22');
INSERT INTO Submission_Stats (challenge_id, total_submissions, total_accepted_submissions)
VALUES ('35982', '41', '24');
INSERT INTO Submission_Stats (challenge_id, total_submissions, total_accepted_submissions)
VALUES ('8680', '30', '24');
INSERT INTO Submission_Stats (challenge_id, total_submissions, total_accepted_submissions)
VALUES ('92697', '66', '23');
INSERT INTO Submission_Stats (challenge_id, total_submissions, total_accepted_submissions)
VALUES ('32875', '36', '16');
INSERT INTO Submission_Stats (challenge_id, total_submissions, total_accepted_submissions)
VALUES ('37211', '33', '15');
INSERT INTO Submission_Stats (challenge_id, total_submissions, total_accepted_submissions)
VALUES ('58550', '42', '21');
INSERT INTO Submission_Stats (challenge_id, total_submissions, total_accepted_submissions)
VALUES ('68920', '78', '17');
INSERT INTO Submission_Stats (challenge_id, total_submissions, total_accepted_submissions)
VALUES ('48695', '50', '6');
INSERT INTO Submission_Stats (challenge_id, total_submissions, total_accepted_submissions)
VALUES ('18931', '29', '25');
INSERT INTO Submission_Stats (challenge_id, total_submissions, total_accepted_submissions)
VALUES ('3089', '61', '25');
INSERT INTO Submission_Stats (challenge_id, total_submissions, total_accepted_submissions)
VALUES ('23080', '48', '17');
INSERT INTO Submission_Stats (challenge_id, total_submissions, total_accepted_submissions)
VALUES ('83943', '62', '8');
INSERT INTO Submission_Stats (challenge_id, total_submissions, total_accepted_submissions)
VALUES ('38877', '96', '6');
INSERT INTO Submission_Stats (challenge_id, total_submissions, total_accepted_submissions)
VALUES ('55843', '75', '7');
INSERT INTO Submission_Stats (challenge_id, total_submissions, total_accepted_submissions)
VALUES ('61792', '74', '16');
INSERT INTO Submission_Stats (challenge_id, total_submissions, total_accepted_submissions)
VALUES ('10718', '86', '15');
INSERT INTO Submission_Stats (challenge_id, total_submissions, total_accepted_submissions)
VALUES ('72083', '62', '8');
INSERT INTO Submission_Stats (challenge_id, total_submissions, total_accepted_submissions)
VALUES ('76426', '87', '12');
INSERT INTO Submission_Stats (challenge_id, total_submissions, total_accepted_submissions)
VALUES ('4266', '60', '13');
INSERT INTO Submission_Stats (challenge_id, total_submissions, total_accepted_submissions)
VALUES ('4266', '61', '9');
INSERT INTO Submission_Stats (challenge_id, total_submissions, total_accepted_submissions)
VALUES ('61670', '32', '16');
INSERT INTO Submission_Stats (challenge_id, total_submissions, total_accepted_submissions)
VALUES ('64867', '25', '10');
INSERT INTO Submission_Stats (challenge_id, total_submissions, total_accepted_submissions)
VALUES ('33674', '19', '13');
INSERT INTO Submission_Stats (challenge_id, total_submissions, total_accepted_submissions)
VALUES ('99192', '46', '20');
INSERT INTO Submission_Stats (challenge_id, total_submissions, total_accepted_submissions)
VALUES ('18307', '62', '25');
INSERT INTO Submission_Stats (challenge_id, total_submissions, total_accepted_submissions)
VALUES ('25740', '26', '21');
INSERT INTO Submission_Stats (challenge_id, total_submissions, total_accepted_submissions)
VALUES ('58045', '40', '8');
INSERT INTO Submission_Stats (challenge_id, total_submissions, total_accepted_submissions)
VALUES ('64810', '27', '23');
INSERT INTO Submission_Stats (challenge_id, total_submissions, total_accepted_submissions)
VALUES ('37211', '32', '11');
INSERT INTO Submission_Stats (challenge_id, total_submissions, total_accepted_submissions)
VALUES ('36244', '77', '6');
INSERT INTO Submission_Stats (challenge_id, total_submissions, total_accepted_submissions)
VALUES ('86674', '22', '18');
INSERT INTO Submission_Stats (challenge_id, total_submissions, total_accepted_submissions)
VALUES ('66617', '25', '22');
INSERT INTO Submission_Stats (challenge_id, total_submissions, total_accepted_submissions)
VALUES ('11411', '76', '11');
INSERT INTO Submission_Stats (challenge_id, total_submissions, total_accepted_submissions)
VALUES ('29037', '86', '12');
INSERT INTO Submission_Stats (challenge_id, total_submissions, total_accepted_submissions)
VALUES ('85830', '37', '11');
INSERT INTO Submission_Stats (challenge_id, total_submissions, total_accepted_submissions)
VALUES ('60168', '81', '25');
INSERT INTO Submission_Stats (challenge_id, total_submissions, total_accepted_submissions)
VALUES ('95911', '51', '7');
INSERT INTO Submission_Stats (challenge_id, total_submissions, total_accepted_submissions)
VALUES ('91972', '26', '24');
INSERT INTO Submission_Stats (challenge_id, total_submissions, total_accepted_submissions)
VALUES ('97203', '31', '15');
INSERT INTO Submission_Stats (challenge_id, total_submissions, total_accepted_submissions)
VALUES ('52401', '67', '12');
INSERT INTO Submission_Stats (challenge_id, total_submissions, total_accepted_submissions)
VALUES ('3198', '85', '15');
INSERT INTO Submission_Stats (challenge_id, total_submissions, total_accepted_submissions)
VALUES ('61260', '81', '8');
INSERT INTO Submission_Stats (challenge_id, total_submissions, total_accepted_submissions)
VALUES ('94021', '75', '19');
INSERT INTO Submission_Stats (challenge_id, total_submissions, total_accepted_submissions)
VALUES ('45363', '27', '20');
INSERT INTO Submission_Stats (challenge_id, total_submissions, total_accepted_submissions)
VALUES ('9524', '32', '25');
INSERT INTO Submission_Stats (challenge_id, total_submissions, total_accepted_submissions)
VALUES ('82425', '89', '15');
INSERT INTO Submission_Stats (challenge_id, total_submissions, total_accepted_submissions)
VALUES ('69894', '33', '22');
INSERT INTO Submission_Stats (challenge_id, total_submissions, total_accepted_submissions)
VALUES ('2682', '58', '9');
INSERT INTO Submission_Stats (challenge_id, total_submissions, total_accepted_submissions)
VALUES ('37702', '86', '25');
INSERT INTO Submission_Stats (challenge_id, total_submissions, total_accepted_submissions)
VALUES ('558', '77', '8');
INSERT INTO Submission_Stats (challenge_id, total_submissions, total_accepted_submissions)
VALUES ('91398', '90', '13');
INSERT INTO Submission_Stats (challenge_id, total_submissions, total_accepted_submissions)
VALUES ('85274', '26', '16');
INSERT INTO Submission_Stats (challenge_id, total_submissions, total_accepted_submissions)
VALUES ('82535', '97', '25');
INSERT INTO Submission_Stats (challenge_id, total_submissions, total_accepted_submissions)
VALUES ('63906', '17', '15');
INSERT INTO Submission_Stats (challenge_id, total_submissions, total_accepted_submissions)
VALUES ('39888', '89', '22');
INSERT INTO Submission_Stats (challenge_id, total_submissions, total_accepted_submissions)
VALUES ('50634', '67', '21');
INSERT INTO Submission_Stats (challenge_id, total_submissions, total_accepted_submissions)
VALUES ('64022', '51', '13');
INSERT INTO Submission_Stats (challenge_id, total_submissions, total_accepted_submissions)
VALUES ('46474', '19', '19');
INSERT INTO Submission_Stats (challenge_id, total_submissions, total_accepted_submissions)
VALUES ('34879', '88', '18');
INSERT INTO Submission_Stats (challenge_id, total_submissions, total_accepted_submissions)
VALUES ('65889', '17', '16');
INSERT INTO Submission_Stats (challenge_id, total_submissions, total_accepted_submissions)
VALUES ('3198', '30', '22');
INSERT INTO Submission_Stats (challenge_id, total_submissions, total_accepted_submissions)
VALUES ('32173', '27', '16');
INSERT INTO Submission_Stats (challenge_id, total_submissions, total_accepted_submissions)
VALUES ('21772', '67', '15');
INSERT INTO Submission_Stats (challenge_id, total_submissions, total_accepted_submissions)
VALUES ('77290', '15', '10');
INSERT INTO Submission_Stats (challenge_id, total_submissions, total_accepted_submissions)
VALUES ('72825', '19', '15');
INSERT INTO Submission_Stats (challenge_id, total_submissions, total_accepted_submissions)
VALUES ('16861', '79', '12');
INSERT INTO Submission_Stats (challenge_id, total_submissions, total_accepted_submissions)
VALUES ('90462', '35', '12');
INSERT INTO Submission_Stats (challenge_id, total_submissions, total_accepted_submissions)
VALUES ('64894', '43', '16');
INSERT INTO Submission_Stats (challenge_id, total_submissions, total_accepted_submissions)
VALUES ('42445', '76', '14');
INSERT INTO Submission_Stats (challenge_id, total_submissions, total_accepted_submissions)
VALUES ('67658', '87', '18');
INSERT INTO Submission_Stats (challenge_id, total_submissions, total_accepted_submissions)
VALUES ('67658', '25', '20');
INSERT INTO Submission_Stats (challenge_id, total_submissions, total_accepted_submissions)
VALUES ('64234', '82', '10');
INSERT INTO Submission_Stats (challenge_id, total_submissions, total_accepted_submissions)
VALUES ('22780', '98', '13');
INSERT INTO Submission_Stats (challenge_id, total_submissions, total_accepted_submissions)
VALUES ('23864', '32', '20');
INSERT INTO Submission_Stats (challenge_id, total_submissions, total_accepted_submissions)
VALUES ('63722', '11', '7');
INSERT INTO Submission_Stats (challenge_id, total_submissions, total_accepted_submissions)
VALUES ('6384', '9', '9');
INSERT INTO Submission_Stats (challenge_id, total_submissions, total_accepted_submissions)
VALUES ('53640', '67', '24');
INSERT INTO Submission_Stats (challenge_id, total_submissions, total_accepted_submissions)
VALUES ('82425', '92', '16');
INSERT INTO Submission_Stats (challenge_id, total_submissions, total_accepted_submissions)
VALUES ('76480', '23', '23');
INSERT INTO Submission_Stats (challenge_id, total_submissions, total_accepted_submissions)
VALUES ('87055', '98', '6');
INSERT INTO Submission_Stats (challenge_id, total_submissions, total_accepted_submissions)
VALUES ('61602', '32', '20');
INSERT INTO Submission_Stats (challenge_id, total_submissions, total_accepted_submissions)
VALUES ('33811', '38', '15');
INSERT INTO Submission_Stats (challenge_id, total_submissions, total_accepted_submissions)
VALUES ('31900', '35', '12');
INSERT INTO Submission_Stats (challenge_id, total_submissions, total_accepted_submissions)
VALUES ('36891', '63', '22');
INSERT INTO Submission_Stats (challenge_id, total_submissions, total_accepted_submissions)
VALUES ('13356', '97', '20');
INSERT INTO Submission_Stats (challenge_id, total_submissions, total_accepted_submissions)
VALUES ('68414', '59', '23');
INSERT INTO Submission_Stats (challenge_id, total_submissions, total_accepted_submissions)
VALUES ('7472', '98', '24');
INSERT INTO Submission_Stats (challenge_id, total_submissions, total_accepted_submissions)
VALUES ('53523', '75', '9');
INSERT INTO Submission_Stats (challenge_id, total_submissions, total_accepted_submissions)
VALUES ('33221', '46', '17');
INSERT INTO Submission_Stats (challenge_id, total_submissions, total_accepted_submissions)
VALUES ('39345', '99', '10');
INSERT INTO Submission_Stats (challenge_id, total_submissions, total_accepted_submissions)
VALUES ('82425', '38', '24');
INSERT INTO Submission_Stats (challenge_id, total_submissions, total_accepted_submissions)
VALUES ('43389', '74', '7');
INSERT INTO Submission_Stats (challenge_id, total_submissions, total_accepted_submissions)
VALUES ('45477', '28', '17');
INSERT INTO Submission_Stats (challenge_id, total_submissions, total_accepted_submissions)
VALUES ('11859', '91', '18');
INSERT INTO Submission_Stats (challenge_id, total_submissions, total_accepted_submissions)
VALUES ('61020', '89', '11');
INSERT INTO Submission_Stats (challenge_id, total_submissions, total_accepted_submissions)
VALUES ('75410', '55', '12');
INSERT INTO Submission_Stats (challenge_id, total_submissions, total_accepted_submissions)
VALUES ('92762', '54', '23');
INSERT INTO Submission_Stats (challenge_id, total_submissions, total_accepted_submissions)
VALUES ('4750', '30', '25');
INSERT INTO Submission_Stats (challenge_id, total_submissions, total_accepted_submissions)
VALUES ('33221', '25', '13');
INSERT INTO Submission_Stats (challenge_id, total_submissions, total_accepted_submissions)
VALUES ('51689', '43', '18');
INSERT INTO Submission_Stats (challenge_id, total_submissions, total_accepted_submissions)
VALUES ('2550', '62', '20');
INSERT INTO Submission_Stats (challenge_id, total_submissions, total_accepted_submissions)
VALUES ('31004', '74', '10');
INSERT INTO Submission_Stats (challenge_id, total_submissions, total_accepted_submissions)
VALUES ('96906', '36', '21');
INSERT INTO Submission_Stats (challenge_id, total_submissions, total_accepted_submissions)
VALUES ('71586', '57', '23');
INSERT INTO Submission_Stats (challenge_id, total_submissions, total_accepted_submissions)
VALUES ('14144', '38', '24');
INSERT INTO Submission_Stats (challenge_id, total_submissions, total_accepted_submissions)
VALUES ('98833', '42', '19');
INSERT INTO Submission_Stats (challenge_id, total_submissions, total_accepted_submissions)
VALUES ('7735', '47', '24');
INSERT INTO Submission_Stats (challenge_id, total_submissions, total_accepted_submissions)
VALUES ('41347', '41', '9');
INSERT INTO Submission_Stats (challenge_id, total_submissions, total_accepted_submissions)
VALUES ('76966', '44', '14');
INSERT INTO Submission_Stats (challenge_id, total_submissions, total_accepted_submissions)
VALUES ('38045', '30', '25');
INSERT INTO Submission_Stats (challenge_id, total_submissions, total_accepted_submissions)
VALUES ('27502', '92', '8');
INSERT INTO Submission_Stats (challenge_id, total_submissions, total_accepted_submissions)
VALUES ('76426', '48', '19');
INSERT INTO Submission_Stats (challenge_id, total_submissions, total_accepted_submissions)
VALUES ('37702', '13', '8');
INSERT INTO Submission_Stats (challenge_id, total_submissions, total_accepted_submissions)
VALUES ('21374', '73', '10');
INSERT INTO Submission_Stats (challenge_id, total_submissions, total_accepted_submissions)
VALUES ('85700', '39', '16');
INSERT INTO Submission_Stats (challenge_id, total_submissions, total_accepted_submissions)
VALUES ('27563', '34', '20');
INSERT INTO Submission_Stats (challenge_id, total_submissions, total_accepted_submissions)
VALUES ('21716', '56', '19');
INSERT INTO Submission_Stats (challenge_id, total_submissions, total_accepted_submissions)
VALUES ('77372', '27', '14');
INSERT INTO Submission_Stats (challenge_id, total_submissions, total_accepted_submissions)
VALUES ('3784', '36', '21');
INSERT INTO Submission_Stats (challenge_id, total_submissions, total_accepted_submissions)
VALUES ('29375', '40', '18');
INSERT INTO Submission_Stats (challenge_id, total_submissions, total_accepted_submissions)
VALUES ('829', '48', '25');
INSERT INTO Submission_Stats (challenge_id, total_submissions, total_accepted_submissions)
VALUES ('51689', '24', '24');
INSERT INTO Submission_Stats (challenge_id, total_submissions, total_accepted_submissions)
VALUES ('61670', '81', '22');
INSERT INTO Submission_Stats (challenge_id, total_submissions, total_accepted_submissions)
VALUES ('35608', '96', '21');
INSERT INTO Submission_Stats (challenge_id, total_submissions, total_accepted_submissions)
VALUES ('82535', '28', '23');
INSERT INTO Submission_Stats (challenge_id, total_submissions, total_accepted_submissions)
VALUES ('67149', '97', '15');
INSERT INTO Submission_Stats (challenge_id, total_submissions, total_accepted_submissions)
VALUES ('66400', '60', '9');
INSERT INTO Submission_Stats (challenge_id, total_submissions, total_accepted_submissions)
VALUES ('7804', '59', '24');
INSERT INTO Submission_Stats (challenge_id, total_submissions, total_accepted_submissions)
VALUES ('3260', '74', '12');
INSERT INTO Submission_Stats (challenge_id, total_submissions, total_accepted_submissions)
VALUES ('98509', '58', '25');
INSERT INTO Submission_Stats (challenge_id, total_submissions, total_accepted_submissions)
VALUES ('49942', '21', '6');
INSERT INTO Submission_Stats (challenge_id, total_submissions, total_accepted_submissions)
VALUES ('34718', '14', '8');
INSERT INTO Submission_Stats (challenge_id, total_submissions, total_accepted_submissions)
VALUES ('6561', '37', '23');
INSERT INTO Submission_Stats (challenge_id, total_submissions, total_accepted_submissions)
VALUES ('85729', '71', '20');
INSERT INTO Submission_Stats (challenge_id, total_submissions, total_accepted_submissions)
VALUES ('58460', '74', '12');
INSERT INTO Submission_Stats (challenge_id, total_submissions, total_accepted_submissions)
VALUES ('82128', '41', '16');
INSERT INTO Submission_Stats (challenge_id, total_submissions, total_accepted_submissions)
VALUES ('65061', '78', '11');
INSERT INTO Submission_Stats (challenge_id, total_submissions, total_accepted_submissions)
VALUES ('21284', '33', '24');
INSERT INTO Submission_Stats (challenge_id, total_submissions, total_accepted_submissions)
VALUES ('66715', '33', '7');
INSERT INTO Submission_Stats (challenge_id, total_submissions, total_accepted_submissions)
VALUES ('62026', '81', '7');
INSERT INTO Submission_Stats (challenge_id, total_submissions, total_accepted_submissions)
VALUES ('92762', '23', '15');
INSERT INTO Submission_Stats (challenge_id, total_submissions, total_accepted_submissions)
VALUES ('1322', '67', '14');
INSERT INTO Submission_Stats (challenge_id, total_submissions, total_accepted_submissions)
VALUES ('45061', '86', '19');
INSERT INTO Submission_Stats (challenge_id, total_submissions, total_accepted_submissions)
VALUES ('24750', '74', '10');
INSERT INTO Submission_Stats (challenge_id, total_submissions, total_accepted_submissions)
VALUES ('77627', '53', '22');
INSERT INTO Submission_Stats (challenge_id, total_submissions, total_accepted_submissions)
VALUES ('36992', '31', '23');
INSERT INTO Submission_Stats (challenge_id, total_submissions, total_accepted_submissions)
VALUES ('28324', '35', '22');
INSERT INTO Submission_Stats (challenge_id, total_submissions, total_accepted_submissions)
VALUES ('65083', '44', '15');
INSERT INTO Submission_Stats (challenge_id, total_submissions, total_accepted_submissions)
VALUES ('57804', '55', '13');
INSERT INTO Submission_Stats (challenge_id, total_submissions, total_accepted_submissions)
VALUES ('41261', '70', '18');
INSERT INTO Submission_Stats (challenge_id, total_submissions, total_accepted_submissions)
VALUES ('43693', '52', '22');
INSERT INTO Submission_Stats (challenge_id, total_submissions, total_accepted_submissions)
VALUES ('37498', '34', '18');
INSERT INTO Submission_Stats (challenge_id, total_submissions, total_accepted_submissions)
VALUES ('51019', '54', '8');
INSERT INTO Submission_Stats (challenge_id, total_submissions, total_accepted_submissions)
VALUES ('29827', '45', '6');
INSERT INTO Submission_Stats (challenge_id, total_submissions, total_accepted_submissions)
VALUES ('37458', '82', '24');
INSERT INTO Submission_Stats (challenge_id, total_submissions, total_accepted_submissions)
VALUES ('15564', '24', '21');
INSERT INTO Submission_Stats (challenge_id, total_submissions, total_accepted_submissions)
VALUES ('96643', '55', '15');
INSERT INTO Submission_Stats (challenge_id, total_submissions, total_accepted_submissions)
VALUES ('81186', '36', '10');
INSERT INTO Submission_Stats (challenge_id, total_submissions, total_accepted_submissions)
VALUES ('47679', '41', '11');
INSERT INTO Submission_Stats (challenge_id, total_submissions, total_accepted_submissions)
VALUES ('62026', '42', '18');
INSERT INTO Submission_Stats (challenge_id, total_submissions, total_accepted_submissions)
VALUES ('55824', '93', '21');
INSERT INTO Submission_Stats (challenge_id, total_submissions, total_accepted_submissions)
VALUES ('96906', '75', '6');
INSERT INTO Submission_Stats (challenge_id, total_submissions, total_accepted_submissions)
VALUES ('56078', '61', '11');
INSERT INTO Submission_Stats (challenge_id, total_submissions, total_accepted_submissions)
VALUES ('94541', '72', '7');
INSERT INTO Submission_Stats (challenge_id, total_submissions, total_accepted_submissions)
VALUES ('98192', '48', '24');
INSERT INTO Submission_Stats (challenge_id, total_submissions, total_accepted_submissions)
VALUES ('63831', '64', '15');
INSERT INTO Submission_Stats (challenge_id, total_submissions, total_accepted_submissions)
VALUES ('61110', '83', '25');
INSERT INTO Submission_Stats (challenge_id, total_submissions, total_accepted_submissions)
VALUES ('10865', '32', '8');
INSERT INTO Submission_Stats (challenge_id, total_submissions, total_accepted_submissions)
VALUES ('63227', '97', '21');
INSERT INTO Submission_Stats (challenge_id, total_submissions, total_accepted_submissions)
VALUES ('26060', '92', '16');
INSERT INTO Submission_Stats (challenge_id, total_submissions, total_accepted_submissions)
VALUES ('27891', '64', '7');
INSERT INTO Submission_Stats (challenge_id, total_submissions, total_accepted_submissions)
VALUES ('79580', '22', '20');
INSERT INTO Submission_Stats (challenge_id, total_submissions, total_accepted_submissions)
VALUES ('8506', '29', '16');
INSERT INTO Submission_Stats (challenge_id, total_submissions, total_accepted_submissions)
VALUES ('79749', '35', '20');
INSERT INTO Submission_Stats (challenge_id, total_submissions, total_accepted_submissions)
VALUES ('7418', '50', '21');
INSERT INTO Submission_Stats (challenge_id, total_submissions, total_accepted_submissions)
VALUES ('7848', '25', '6');
INSERT INTO Submission_Stats (challenge_id, total_submissions, total_accepted_submissions)
VALUES ('78675', '94', '13');
INSERT INTO Submission_Stats (challenge_id, total_submissions, total_accepted_submissions)
VALUES ('88109', '35', '25');
INSERT INTO Submission_Stats (challenge_id, total_submissions, total_accepted_submissions)
VALUES ('43912', '19', '12');
INSERT INTO Submission_Stats (challenge_id, total_submissions, total_accepted_submissions)
VALUES ('88550', '62', '9');
INSERT INTO Submission_Stats (challenge_id, total_submissions, total_accepted_submissions)
VALUES ('56007', '69', '12');
INSERT INTO Submission_Stats (challenge_id, total_submissions, total_accepted_submissions)
VALUES ('70035', '20', '20');
INSERT INTO Submission_Stats (challenge_id, total_submissions, total_accepted_submissions)
VALUES ('90979', '28', '15');
INSERT INTO Submission_Stats (challenge_id, total_submissions, total_accepted_submissions)
VALUES ('558', '95', '9');
INSERT INTO Submission_Stats (challenge_id, total_submissions, total_accepted_submissions)
VALUES ('2438', '54', '13');
INSERT INTO Submission_Stats (challenge_id, total_submissions, total_accepted_submissions)
VALUES ('58949', '16', '15');
INSERT INTO Submission_Stats (challenge_id, total_submissions, total_accepted_submissions)
VALUES ('94541', '74', '25');
INSERT INTO Submission_Stats (challenge_id, total_submissions, total_accepted_submissions)
VALUES ('18956', '36', '21');
INSERT INTO Submission_Stats (challenge_id, total_submissions, total_accepted_submissions)
VALUES ('82394', '75', '24');
INSERT INTO Submission_Stats (challenge_id, total_submissions, total_accepted_submissions)
VALUES ('21284', '79', '23');
INSERT INTO Submission_Stats (challenge_id, total_submissions, total_accepted_submissions)
VALUES ('37458', '53', '13');
INSERT INTO Submission_Stats (challenge_id, total_submissions, total_accepted_submissions)
VALUES ('45363', '35', '25');
INSERT INTO Submission_Stats (challenge_id, total_submissions, total_accepted_submissions)
VALUES ('34718', '89', '7');
INSERT INTO Submission_Stats (challenge_id, total_submissions, total_accepted_submissions)
VALUES ('22553', '29', '24');
INSERT INTO Submission_Stats (challenge_id, total_submissions, total_accepted_submissions)
VALUES ('78796', '87', '6');
INSERT INTO Submission_Stats (challenge_id, total_submissions, total_accepted_submissions)
VALUES ('54052', '39', '25');
INSERT INTO Submission_Stats (challenge_id, total_submissions, total_accepted_submissions)
VALUES ('5638', '31', '16');
INSERT INTO Submission_Stats (challenge_id, total_submissions, total_accepted_submissions)
VALUES ('39345', '92', '19');
INSERT INTO Submission_Stats (challenge_id, total_submissions, total_accepted_submissions)
VALUES ('82128', '40', '14');
INSERT INTO Submission_Stats (challenge_id, total_submissions, total_accepted_submissions)
VALUES ('33674', '39', '6');
INSERT INTO Submission_Stats (challenge_id, total_submissions, total_accepted_submissions)
VALUES ('89274', '70', '17');
INSERT INTO Submission_Stats (challenge_id, total_submissions, total_accepted_submissions)
VALUES ('90680', '92', '25');
INSERT INTO Submission_Stats (challenge_id, total_submissions, total_accepted_submissions)
VALUES ('5069', '33', '9');
INSERT INTO Submission_Stats (challenge_id, total_submissions, total_accepted_submissions)
VALUES ('53400', '12', '6');
INSERT INTO Submission_Stats (challenge_id, total_submissions, total_accepted_submissions)
VALUES ('21374', '51', '15');
INSERT INTO Submission_Stats (challenge_id, total_submissions, total_accepted_submissions)
VALUES ('54752', '83', '7');
INSERT INTO Submission_Stats (challenge_id, total_submissions, total_accepted_submissions)
VALUES ('36381', '53', '8');
INSERT INTO Submission_Stats (challenge_id, total_submissions, total_accepted_submissions)
VALUES ('63831', '22', '11');
INSERT INTO Submission_Stats (challenge_id, total_submissions, total_accepted_submissions)
VALUES ('9899', '43', '14');
INSERT INTO Submission_Stats (challenge_id, total_submissions, total_accepted_submissions)
VALUES ('22652', '41', '16');
INSERT INTO Submission_Stats (challenge_id, total_submissions, total_accepted_submissions)
VALUES ('47901', '27', '14');
INSERT INTO Submission_Stats (challenge_id, total_submissions, total_accepted_submissions)
VALUES ('2438', '71', '24');
INSERT INTO Submission_Stats (challenge_id, total_submissions, total_accepted_submissions)
VALUES ('32127', '36', '24');
INSERT INTO Submission_Stats (challenge_id, total_submissions, total_accepted_submissions)
VALUES ('99833', '95', '20');
INSERT INTO Submission_Stats (challenge_id, total_submissions, total_accepted_submissions)
VALUES ('1985', '86', '17');
INSERT INTO Submission_Stats (challenge_id, total_submissions, total_accepted_submissions)
VALUES ('86480', '57', '6');
INSERT INTO Submission_Stats (challenge_id, total_submissions, total_accepted_submissions)
VALUES ('19170', '95', '13');
INSERT INTO Submission_Stats (challenge_id, total_submissions, total_accepted_submissions)
VALUES ('54102', '50', '10');
INSERT INTO Submission_Stats (challenge_id, total_submissions, total_accepted_submissions)
VALUES ('83836', '49', '7');
INSERT INTO Submission_Stats (challenge_id, total_submissions, total_accepted_submissions)
VALUES ('90628', '50', '23');
INSERT INTO Submission_Stats (challenge_id, total_submissions, total_accepted_submissions)
VALUES ('36503', '88', '23');
INSERT INTO Submission_Stats (challenge_id, total_submissions, total_accepted_submissions)
VALUES ('95549', '79', '14');
INSERT INTO Submission_Stats (challenge_id, total_submissions, total_accepted_submissions)
VALUES ('19001', '30', '19');
INSERT INTO Submission_Stats (challenge_id, total_submissions, total_accepted_submissions)
VALUES ('86417', '30', '16');
INSERT INTO Submission_Stats (challenge_id, total_submissions, total_accepted_submissions)
VALUES ('81186', '30', '18');
INSERT INTO Submission_Stats (challenge_id, total_submissions, total_accepted_submissions)
VALUES ('83992', '26', '11');
INSERT INTO Submission_Stats (challenge_id, total_submissions, total_accepted_submissions)
VALUES ('99625', '97', '10');
INSERT INTO Submission_Stats (challenge_id, total_submissions, total_accepted_submissions)
VALUES ('7848', '69', '25');
INSERT INTO Submission_Stats (challenge_id, total_submissions, total_accepted_submissions)
VALUES ('86703', '87', '9');
INSERT INTO Submission_Stats (challenge_id, total_submissions, total_accepted_submissions)
VALUES ('90979', '35', '25');
INSERT INTO Submission_Stats (challenge_id, total_submissions, total_accepted_submissions)
VALUES ('70564', '74', '21');
INSERT INTO Submission_Stats (challenge_id, total_submissions, total_accepted_submissions)
VALUES ('88165', '42', '16');
INSERT INTO Submission_Stats (challenge_id, total_submissions, total_accepted_submissions)
VALUES ('22780', '66', '22');
INSERT INTO Submission_Stats (challenge_id, total_submissions, total_accepted_submissions)
VALUES ('42087', '79', '9');
INSERT INTO Submission_Stats (challenge_id, total_submissions, total_accepted_submissions)
VALUES ('66715', '38', '19');
INSERT INTO Submission_Stats (challenge_id, total_submissions, total_accepted_submissions)
VALUES ('38969', '86', '7');
INSERT INTO Submission_Stats (challenge_id, total_submissions, total_accepted_submissions)
VALUES ('60386', '33', '14');
INSERT INTO Submission_Stats (challenge_id, total_submissions, total_accepted_submissions)
VALUES ('94288', '77', '6');
INSERT INTO Submission_Stats (challenge_id, total_submissions, total_accepted_submissions)
VALUES ('3019', '40', '24');
INSERT INTO Submission_Stats (challenge_id, total_submissions, total_accepted_submissions)
VALUES ('86015', '96', '17');
INSERT INTO Submission_Stats (challenge_id, total_submissions, total_accepted_submissions)
VALUES ('83681', '53', '22');
INSERT INTO Submission_Stats (challenge_id, total_submissions, total_accepted_submissions)
VALUES ('24490', '35', '19');
INSERT INTO Submission_Stats (challenge_id, total_submissions, total_accepted_submissions)
VALUES ('44722', '79', '17');
INSERT INTO Submission_Stats (challenge_id, total_submissions, total_accepted_submissions)
VALUES ('83739', '72', '16');
INSERT INTO Submission_Stats (challenge_id, total_submissions, total_accepted_submissions)
VALUES ('75642', '86', '14');
INSERT INTO Submission_Stats (challenge_id, total_submissions, total_accepted_submissions)
VALUES ('85592', '93', '19');
INSERT INTO Submission_Stats (challenge_id, total_submissions, total_accepted_submissions)
VALUES ('28324', '89', '22');
INSERT INTO Submission_Stats (challenge_id, total_submissions, total_accepted_submissions)
VALUES ('19001', '26', '18');
INSERT INTO Submission_Stats (challenge_id, total_submissions, total_accepted_submissions)
VALUES ('77865', '49', '24');
INSERT INTO Submission_Stats (challenge_id, total_submissions, total_accepted_submissions)
VALUES ('73119', '77', '7');
INSERT INTO Submission_Stats (challenge_id, total_submissions, total_accepted_submissions)
VALUES ('62905', '17', '15');
INSERT INTO Submission_Stats (challenge_id, total_submissions, total_accepted_submissions)
VALUES ('87951', '24', '20');
INSERT INTO Submission_Stats (challenge_id, total_submissions, total_accepted_submissions)
VALUES ('36159', '26', '10');
INSERT INTO Submission_Stats (challenge_id, total_submissions, total_accepted_submissions)
VALUES ('60866', '27', '24');
INSERT INTO Submission_Stats (challenge_id, total_submissions, total_accepted_submissions)
VALUES ('7289', '87', '17');
INSERT INTO Submission_Stats (challenge_id, total_submissions, total_accepted_submissions)
VALUES ('89108', '46', '6');
INSERT INTO Submission_Stats (challenge_id, total_submissions, total_accepted_submissions)
VALUES ('55184', '33', '20');
INSERT INTO Submission_Stats (challenge_id, total_submissions, total_accepted_submissions)
VALUES ('97950', '58', '21');
INSERT INTO Submission_Stats (challenge_id, total_submissions, total_accepted_submissions)
VALUES ('95527', '73', '23');
INSERT INTO Submission_Stats (challenge_id, total_submissions, total_accepted_submissions)
VALUES ('7848', '66', '12');
INSERT INTO Submission_Stats (challenge_id, total_submissions, total_accepted_submissions)
VALUES ('60935', '84', '15');
INSERT INTO Submission_Stats (challenge_id, total_submissions, total_accepted_submissions)
VALUES ('67097', '14', '13');
INSERT INTO Submission_Stats (challenge_id, total_submissions, total_accepted_submissions)
VALUES ('61670', '80', '15');
INSERT INTO Submission_Stats (challenge_id, total_submissions, total_accepted_submissions)
VALUES ('57938', '28', '18');
INSERT INTO Submission_Stats (challenge_id, total_submissions, total_accepted_submissions)
VALUES ('32127', '17', '11');
INSERT INTO Submission_Stats (challenge_id, total_submissions, total_accepted_submissions)
VALUES ('7418', '77', '22');
INSERT INTO Submission_Stats (challenge_id, total_submissions, total_accepted_submissions)
VALUES ('68287', '59', '17');
INSERT INTO Submission_Stats (challenge_id, total_submissions, total_accepted_submissions)
VALUES ('37458', '35', '15');
INSERT INTO Submission_Stats (challenge_id, total_submissions, total_accepted_submissions)
VALUES ('47999', '38', '24');
INSERT INTO Submission_Stats (challenge_id, total_submissions, total_accepted_submissions)
VALUES ('75535', '22', '21');
INSERT INTO Submission_Stats (challenge_id, total_submissions, total_accepted_submissions)
VALUES ('48386', '66', '21');
INSERT INTO Submission_Stats (challenge_id, total_submissions, total_accepted_submissions)
VALUES ('18931', '25', '17');
INSERT INTO Submission_Stats (challenge_id, total_submissions, total_accepted_submissions)
VALUES ('17603', '73', '8');
INSERT INTO Submission_Stats (challenge_id, total_submissions, total_accepted_submissions)
VALUES ('61260', '59', '20');
INSERT INTO Submission_Stats (challenge_id, total_submissions, total_accepted_submissions)
VALUES ('35946', '56', '18');
INSERT INTO Submission_Stats (challenge_id, total_submissions, total_accepted_submissions)
VALUES ('69136', '27', '14');
INSERT INTO Submission_Stats (challenge_id, total_submissions, total_accepted_submissions)
VALUES ('10513', '13', '13');
INSERT INTO Submission_Stats (challenge_id, total_submissions, total_accepted_submissions)
VALUES ('773', '41', '16');
INSERT INTO Submission_Stats (challenge_id, total_submissions, total_accepted_submissions)
VALUES ('68551', '73', '13');
INSERT INTO Submission_Stats (challenge_id, total_submissions, total_accepted_submissions)
VALUES ('92254', '67', '20');
INSERT INTO Submission_Stats (challenge_id, total_submissions, total_accepted_submissions)
VALUES ('11188', '80', '6');
INSERT INTO Submission_Stats (challenge_id, total_submissions, total_accepted_submissions)
VALUES ('5737', '80', '6');
INSERT INTO Submission_Stats (challenge_id, total_submissions, total_accepted_submissions)
VALUES ('8902', '69', '20');
INSERT INTO Submission_Stats (challenge_id, total_submissions, total_accepted_submissions)
VALUES ('60768', '53', '7');
INSERT INTO Submission_Stats (challenge_id, total_submissions, total_accepted_submissions)
VALUES ('51019', '24', '7');
INSERT INTO Submission_Stats (challenge_id, total_submissions, total_accepted_submissions)
VALUES ('83836', '43', '7');
INSERT INTO Submission_Stats (challenge_id, total_submissions, total_accepted_submissions)
VALUES ('43785', '83', '8');
INSERT INTO Submission_Stats (challenge_id, total_submissions, total_accepted_submissions)
VALUES ('2438', '62', '18');
INSERT INTO Submission_Stats (challenge_id, total_submissions, total_accepted_submissions)
VALUES ('85729', '69', '21');
INSERT INTO Submission_Stats (challenge_id, total_submissions, total_accepted_submissions)
VALUES ('55948', '18', '7');
INSERT INTO Submission_Stats (challenge_id, total_submissions, total_accepted_submissions)
VALUES ('70564', '27', '23');
INSERT INTO Submission_Stats (challenge_id, total_submissions, total_accepted_submissions)
VALUES ('99851', '67', '23');
INSERT INTO Submission_Stats (challenge_id, total_submissions, total_accepted_submissions)
VALUES ('51187', '66', '7');
INSERT INTO Submission_Stats (challenge_id, total_submissions, total_accepted_submissions)
VALUES ('60192', '31', '25');
INSERT INTO Submission_Stats (challenge_id, total_submissions, total_accepted_submissions)
VALUES ('88755', '91', '9');
INSERT INTO Submission_Stats (challenge_id, total_submissions, total_accepted_submissions)
VALUES ('92156', '69', '14');
INSERT INTO Submission_Stats (challenge_id, total_submissions, total_accepted_submissions)
VALUES ('58396', '47', '14');
INSERT INTO Submission_Stats (challenge_id, total_submissions, total_accepted_submissions)
VALUES ('95079', '34', '9');
INSERT INTO Submission_Stats (challenge_id, total_submissions, total_accepted_submissions)
VALUES ('29375', '61', '11');
INSERT INTO Submission_Stats (challenge_id, total_submissions, total_accepted_submissions)
VALUES ('39888', '23', '19');
INSERT INTO Submission_Stats (challenge_id, total_submissions, total_accepted_submissions)
VALUES ('33811', '63', '15');
INSERT INTO Submission_Stats (challenge_id, total_submissions, total_accepted_submissions)
VALUES ('96815', '42', '16');
INSERT INTO Submission_Stats (challenge_id, total_submissions, total_accepted_submissions)
VALUES ('87093', '45', '12');
INSERT INTO Submission_Stats (challenge_id, total_submissions, total_accepted_submissions)
VALUES ('43693', '61', '17');
INSERT INTO Submission_Stats (challenge_id, total_submissions, total_accepted_submissions)
VALUES ('23898', '78', '24');
INSERT INTO Submission_Stats (challenge_id, total_submissions, total_accepted_submissions)
VALUES ('19170', '55', '15');
INSERT INTO Submission_Stats (challenge_id, total_submissions, total_accepted_submissions)
VALUES ('71074', '30', '8');
INSERT INTO Submission_Stats (challenge_id, total_submissions, total_accepted_submissions)
VALUES ('86098', '24', '17');
INSERT INTO Submission_Stats (challenge_id, total_submissions, total_accepted_submissions)
VALUES ('3089', '13', '13');
INSERT INTO Submission_Stats (challenge_id, total_submissions, total_accepted_submissions)
VALUES ('88205', '30', '19');
INSERT INTO Submission_Stats (challenge_id, total_submissions, total_accepted_submissions)
VALUES ('62905', '38', '9');
INSERT INTO Submission_Stats (challenge_id, total_submissions, total_accepted_submissions)
VALUES ('23864', '70', '22');
INSERT INTO Submission_Stats (challenge_id, total_submissions, total_accepted_submissions)
VALUES ('67575', '46', '17');
INSERT INTO Submission_Stats (challenge_id, total_submissions, total_accepted_submissions)
VALUES ('60768', '25', '23');
INSERT INTO Submission_Stats (challenge_id, total_submissions, total_accepted_submissions)
VALUES ('10865', '56', '19');
INSERT INTO Submission_Stats (challenge_id, total_submissions, total_accepted_submissions)
VALUES ('48713', '74', '12');
INSERT INTO Submission_Stats (challenge_id, total_submissions, total_accepted_submissions)
VALUES ('19177', '11', '7');
INSERT INTO Submission_Stats (challenge_id, total_submissions, total_accepted_submissions)
VALUES ('95980', '81', '19');
INSERT INTO Submission_Stats (challenge_id, total_submissions, total_accepted_submissions)
VALUES ('67542', '23', '7');
INSERT INTO Submission_Stats (challenge_id, total_submissions, total_accepted_submissions)
VALUES ('54052', '28', '7');
INSERT INTO Submission_Stats (challenge_id, total_submissions, total_accepted_submissions)
VALUES ('59563', '28', '25');
INSERT INTO Submission_Stats (challenge_id, total_submissions, total_accepted_submissions)
VALUES ('36584', '44', '13');
INSERT INTO Submission_Stats (challenge_id, total_submissions, total_accepted_submissions)
VALUES ('52979', '44', '23');
INSERT INTO Submission_Stats (challenge_id, total_submissions, total_accepted_submissions)
VALUES ('43071', '48', '7');
INSERT INTO Submission_Stats (challenge_id, total_submissions, total_accepted_submissions)
VALUES ('38969', '28', '21');
INSERT INTO Submission_Stats (challenge_id, total_submissions, total_accepted_submissions)
VALUES ('80308', '55', '10');
INSERT INTO Submission_Stats (challenge_id, total_submissions, total_accepted_submissions)
VALUES ('67097', '93', '15');
INSERT INTO Submission_Stats (challenge_id, total_submissions, total_accepted_submissions)
VALUES ('21716', '77', '19');
INSERT INTO Submission_Stats (challenge_id, total_submissions, total_accepted_submissions)
VALUES ('76589', '95', '10');
INSERT INTO Submission_Stats (challenge_id, total_submissions, total_accepted_submissions)
VALUES ('276', '26', '14');
INSERT INTO Submission_Stats (challenge_id, total_submissions, total_accepted_submissions)
VALUES ('90943', '34', '8');
INSERT INTO Submission_Stats (challenge_id, total_submissions, total_accepted_submissions)
VALUES ('31923', '87', '12');
INSERT INTO Submission_Stats (challenge_id, total_submissions, total_accepted_submissions)
VALUES ('85451', '67', '22');
INSERT INTO Submission_Stats (challenge_id, total_submissions, total_accepted_submissions)
VALUES ('62389', '59', '23');
INSERT INTO Submission_Stats (challenge_id, total_submissions, total_accepted_submissions)
VALUES ('76589', '95', '19');
INSERT INTO Submission_Stats (challenge_id, total_submissions, total_accepted_submissions)
VALUES ('69190', '39', '12');
INSERT INTO Submission_Stats (challenge_id, total_submissions, total_accepted_submissions)
VALUES ('43785', '36', '12');
INSERT INTO Submission_Stats (challenge_id, total_submissions, total_accepted_submissions)
VALUES ('30164', '42', '6');
INSERT INTO Submission_Stats (challenge_id, total_submissions, total_accepted_submissions)
VALUES ('65343', '80', '9');
INSERT INTO Submission_Stats (challenge_id, total_submissions, total_accepted_submissions)
VALUES ('60768', '96', '13');
INSERT INTO Submission_Stats (challenge_id, total_submissions, total_accepted_submissions)
VALUES ('24633', '65', '14');
INSERT INTO Submission_Stats (challenge_id, total_submissions, total_accepted_submissions)
VALUES ('99871', '48', '9');
INSERT INTO Submission_Stats (challenge_id, total_submissions, total_accepted_submissions)
VALUES ('60281', '81', '21');
INSERT INTO Submission_Stats (challenge_id, total_submissions, total_accepted_submissions)
VALUES ('90680', '37', '19');
INSERT INTO Submission_Stats (challenge_id, total_submissions, total_accepted_submissions)
VALUES ('94847', '23', '19');
INSERT INTO Submission_Stats (challenge_id, total_submissions, total_accepted_submissions)
VALUES ('61602', '56', '22');
INSERT INTO Submission_Stats (challenge_id, total_submissions, total_accepted_submissions)
VALUES ('10513', '96', '25');
INSERT INTO Submission_Stats (challenge_id, total_submissions, total_accepted_submissions)
VALUES ('46631', '34', '24');
INSERT INTO Submission_Stats (challenge_id, total_submissions, total_accepted_submissions)
VALUES ('62911', '52', '21');
INSERT INTO Submission_Stats (challenge_id, total_submissions, total_accepted_submissions)
VALUES ('64810', '56', '24');
INSERT INTO Submission_Stats (challenge_id, total_submissions, total_accepted_submissions)
VALUES ('27940', '51', '24');
INSERT INTO Submission_Stats (challenge_id, total_submissions, total_accepted_submissions)
VALUES ('75441', '88', '19');
INSERT INTO Submission_Stats (challenge_id, total_submissions, total_accepted_submissions)
VALUES ('70564', '45', '23');
INSERT INTO Submission_Stats (challenge_id, total_submissions, total_accepted_submissions)
VALUES ('56078', '56', '21');
INSERT INTO Submission_Stats (challenge_id, total_submissions, total_accepted_submissions)
VALUES ('90943', '54', '6');
INSERT INTO Submission_Stats (challenge_id, total_submissions, total_accepted_submissions)
VALUES ('27940', '23', '14');
INSERT INTO Submission_Stats (challenge_id, total_submissions, total_accepted_submissions)
VALUES ('63722', '43', '20');
INSERT INTO Submission_Stats (challenge_id, total_submissions, total_accepted_submissions)
VALUES ('86674', '85', '18');
INSERT INTO Submission_Stats (challenge_id, total_submissions, total_accepted_submissions)
VALUES ('51019', '78', '21');
INSERT INTO Submission_Stats (challenge_id, total_submissions, total_accepted_submissions)
VALUES ('69136', '58', '10');
INSERT INTO Submission_Stats (challenge_id, total_submissions, total_accepted_submissions)
VALUES ('80308', '40', '21');
INSERT INTO Submission_Stats (challenge_id, total_submissions, total_accepted_submissions)
VALUES ('64867', '76', '14');
INSERT INTO Submission_Stats (challenge_id, total_submissions, total_accepted_submissions)
VALUES ('41347', '74', '21');
INSERT INTO Submission_Stats (challenge_id, total_submissions, total_accepted_submissions)
VALUES ('27280', '58', '9');
INSERT INTO Submission_Stats (challenge_id, total_submissions, total_accepted_submissions)
VALUES ('42002', '63', '7');
INSERT INTO Submission_Stats (challenge_id, total_submissions, total_accepted_submissions)
VALUES ('4866', '74', '8');
INSERT INTO Submission_Stats (challenge_id, total_submissions, total_accepted_submissions)
VALUES ('46128', '79', '18');
INSERT INTO Submission_Stats (challenge_id, total_submissions, total_accepted_submissions)
VALUES ('90147', '22', '7');
INSERT INTO Submission_Stats (challenge_id, total_submissions, total_accepted_submissions)
VALUES ('27333', '22', '21');
INSERT INTO Submission_Stats (challenge_id, total_submissions, total_accepted_submissions)
VALUES ('27414', '97', '12');
INSERT INTO Submission_Stats (challenge_id, total_submissions, total_accepted_submissions)
VALUES ('61312', '32', '14');
INSERT INTO Submission_Stats (challenge_id, total_submissions, total_accepted_submissions)
VALUES ('83681', '99', '24');
INSERT INTO Submission_Stats (challenge_id, total_submissions, total_accepted_submissions)
VALUES ('27643', '99', '10');
INSERT INTO Submission_Stats (challenge_id, total_submissions, total_accepted_submissions)
VALUES ('64311', '17', '15');
INSERT INTO Submission_Stats (challenge_id, total_submissions, total_accepted_submissions)
VALUES ('21326', '38', '6');
INSERT INTO Submission_Stats (challenge_id, total_submissions, total_accepted_submissions)
VALUES ('12421', '48', '22');
INSERT INTO Submission_Stats (challenge_id, total_submissions, total_accepted_submissions)
VALUES ('34516', '39', '7');
INSERT INTO Submission_Stats (challenge_id, total_submissions, total_accepted_submissions)
VALUES ('96922', '57', '12');
INSERT INTO Submission_Stats (challenge_id, total_submissions, total_accepted_submissions)
VALUES ('48713', '34', '23');
INSERT INTO Submission_Stats (challenge_id, total_submissions, total_accepted_submissions)
VALUES ('90979', '33', '25');
INSERT INTO Submission_Stats (challenge_id, total_submissions, total_accepted_submissions)
VALUES ('65550', '97', '7');
INSERT INTO Submission_Stats (challenge_id, total_submissions, total_accepted_submissions)
VALUES ('85451', '50', '18');
INSERT INTO Submission_Stats (challenge_id, total_submissions, total_accepted_submissions)
VALUES ('38045', '69', '10');
INSERT INTO Submission_Stats (challenge_id, total_submissions, total_accepted_submissions)
VALUES ('61020', '46', '17');
INSERT INTO Submission_Stats (challenge_id, total_submissions, total_accepted_submissions)
VALUES ('28620', '63', '20');
INSERT INTO Submission_Stats (challenge_id, total_submissions, total_accepted_submissions)
VALUES ('4850', '54', '7');
INSERT INTO Submission_Stats (challenge_id, total_submissions, total_accepted_submissions)
VALUES ('97427', '5', '0');